Time,Day1,Day2,Day3,Day4,Day5,Day6,Day7,Day8,Day9,Day10,Day11,Day12,Day13,Day14,Day15,Day16,Day17,Day18,Day19,Day20,Day21,Day22,Day23,Day24,Day25,Day26,Day27,Day28,Day29,Day30,Day31
0:00,2169.7179,3826.8258,4014.385,2863.7006,3906.3462,3028.1249,3280.0008,2885.1288,2943.3398,1838.8755,1970.1416,2799.2723,3132.891,2783.0086,2154.9342,3150.7893,3026.3917,2084.7847,3585.7545,3522.1383,3707.9218,1930.5716,2773.2374,2118.9151,3570.0055,2125,2592.1377,3596.8237,2203.5725,2204.1964,1963.4186
0:05,2145.7288,3797.5564,3937.8952,2805.8097,3853.5716,3156.322,3152.847,2897.8023,2879.3192,1774.3221,1994.9022,2933.9525,3164.2432,2501.349,2265.9588,3121.2022,3040.9574,2041.2557,3682.7712,3670.8791,3691.8803,1818.3288,2733.6707,2171.3942,3601.738,2222.5494,2611.933,3573.7361,2093.9392,2128.3533,1830.4018
0:10,2386.2965,3771.4853,3954.3734,2823.1959,3759.7203,3052.5873,3098.4863,2933.0006,2926.6424,1794.7477,2024.8704,2994.7087,3175.7631,2520.3271,2232.1556,3011.9196,3044.3431,2132.1695,3610.4276,3703.0046,3823.2876,1938.6601,2859.9816,2256.6699,3776.8745,2146.9686,2621.0655,3533.8791,2360.2039,2119.2702,1860.6719
0:15,2347.8838,3678.173,3910.7437,2792.3376,3808.6916,3070.1204,3166.4712,2947.5458,2940.9147,1810.8899,1991.0301,3015.564,3147.6311,2382.1737,2131.8879,3094.6849,3092.78,1992.9308,3677.2408,3822.5197,4294.4271,1949.2665,2890.9426,2681.3056,3669.3075,2229.8587,2677.5203,3610.9142,2257.151,2125.5046,1960.3327
0:20,2396.8793,3868.3094,4176.5947,2694.2968,3876.3116,3122.139,3174.7049,2913.9151,2851.2129,1887.6866,2029.5392,3164.9542,3101.2886,2283.2008,2179.637,3025.5551,3061.0336,1733.3643,3725.981,3814.188,4205.0717,2112.4298,2805.5456,2603.8416,3689.5504,2217.0888,2612.3145,3530.6029,2354.2644,2162.4424,1929.608
0:25,2393.8875,3886.0573,4308.7187,2784.8583,3999.4024,3109.3691,3210.6898,2924.5773,2761.7964,1963.7293,2048.0598,3034.5954,3022.4618,2327.4774,2218.76,2921.1887,3065.3848,1763.5869,3817.2081,3838.2299,3856.8526,2004.4735,2706.069,2559.6012,3778.1619,2295.873,2487.0511,3630.1988,2407.5489,2111.0021,1835.0016
0:30,2456.4616,3782.7988,4341.7243,2761.766,3949.2169,3115.2907,3214.6772,2904.4472,2677.0504,2013.0214,2062.116,3380.045,2995.4571,2337.19,2211.9355,3013.7976,3108.0522,1825.469,3587.5032,3513.322,3986.549,1980.7083,2556.0272,2484.9279,3583.5709,2195.9456,2502.5346,3487.3332,2344.7117,2134.6283,1885.5316
0:35,2425.521,3758.3218,4582.1106,2797.7425,4052.054,3123.9905,3154.8015,2872.3558,2609.6372,2010.719,2110.5175,3389.3839,2919.6764,2484.0414,2276.957,3123.4205,3387.1624,1797.5485,3422.5238,3444.1016,4196.3109,2013.3073,2618.8643,2388.765,3609.3307,2250.4669,2529.0291,3538.6426,2338.0408,2041.0704,1886.0078
0:40,2434.0435,3811.6921,4479.9691,2483.4263,4091.1652,3059.9904,3212.0742,2873.577,2515.8106,1993.4273,2087.8869,3450.144,2933.2711,2604.8536,1983.85,2983.4807,3065.8569,1878.3723,3405.5174,3445.1304,4149.2717,2006.6517,2555.0865,2476.6648,3675.9164,2212.4866,2322.4045,3571.6516,2386.983,2043.5507,1915.9774
0:45,2356.5256,3758.1876,4504.7846,2315.0359,4020.0112,3041.0066,3244.9156,2781.0989,2451.8984,2172.1664,2134.8325,3325.2503,2976.7499,2538.8124,2003.0509,3030.2665,3077.3211,1823.4766,3474.2743,3403.1506,4154.7117,2017.406,2643.3954,2512.5005,3690.9366,2303.8024,2528.8213,3703.2991,2343.5666,2114.1075,1840.6804
0:50,2376.3289,3713.2956,4433.308,2336.3694,4124.4161,3082.2248,3299.9017,2816.7422,2470.778,2162.7415,2129.9516,3303.8177,2983.0541,2476.742,1981.0724,2908.7832,2918.968,1913.4233,3246.0134,3448.0632,4012.4845,2089.1045,2502.8236,2423.7291,3576.8858,2407.6901,2585.608,3912.0867,2329.1148,2029.6446,1851.7571
0:55,3618.6497,3745.4435,4400.5795,2316.3229,4028.7465,3244.0062,3302.6264,2847.8746,2306,2156.8935,2185.3603,3471.2132,2952.6364,2195.4058,1989.4465,2904.4847,3063.4263,1995.5438,2887.3723,3355.8519,4021.9349,2118.4176,2576.6451,2564.1784,3638.4138,2404.0102,2384.9834,3607.9001,2422.7072,2095.1164,1850.0236
1:00,3785.565,3541.8275,4302.6806,2180.9928,4052.4667,3197.3647,3300.446,2726.6125,2520.6073,2112.0427,2177.7948,3592.2415,2765.8212,2197.7229,1920.0533,2729.4907,3178.0095,1960.9262,2886.3669,3330.6946,4257.9066,2104.1398,2655.5252,2562.7974,3695.2289,2667.9211,2486.3116,3517.919,2360.5067,1972.1724,1963.8491
1:05,3725.1745,3516.9669,4349.4612,2225.3733,4090.2033,3130.5499,3203.0463,2877.907,2401.4588,2181.4902,2192.2572,3524.2387,2684.1974,2377.4221,1950.9872,2665.803,3153.9882,1949.2086,2689.5021,3196.8478,3907.6786,2178.6486,2557.5294,2627.0088,3564.342,2578.8028,2354.3933,3766.4136,2032.8689,2090.6471,1883.1361
1:10,3745.995,3300.1545,3786.6829,2156.8718,4116.6764,3157.7917,3147.8362,2871.7428,2361.2187,2319.9633,2249.07,3690.9248,2577.9615,2303.1692,1817.573,2863.3795,3107.4646,2022.7483,2625.0362,3327.3398,4109.5676,2063.3291,2546.5158,2615.2245,3604.6723,2398.9167,2596.9543,4108.2816,2007.0166,2012.8483,1857.4037
1:15,3719.2896,3421.3461,4357.0155,2236.1673,3931.9929,3041.9725,3184.0797,2714.7032,2375.0082,2311.2657,2259.1425,3605.377,2533.0093,2119.7644,1897.5584,2783.5725,3087.6931,2042.7027,2538.3735,3341.4869,3902.6838,2079.8156,2469.4183,2524.5348,3577.888,2701.2632,2400.4558,3986.0108,2102.1966,2006.778,1932.4588
1:20,3796.6979,3401.9525,4110.4904,2184.7158,3789.2978,3110.7896,3214.4757,2502.0681,2353.4033,2398.0335,2214.4611,3530.0722,2482.65,2072.3855,1893.5914,2565.512,3057.2786,2165.2249,2426.5043,3356.9461,4104.5158,2191.914,2564.2994,2529.4295,3700.7145,2780.5076,2308.504,3795.6295,2336.9184,2168.1548,1821.1255
1:25,3868.0259,3333.6552,4062.9603,2144.6258,3809.5369,3091.3426,3185.6652,2495.4015,2342.6146,2278.1524,2205.9515,3548.745,2552.4958,2090.4715,1891.0037,2743.0751,3119.7783,1975.7897,2474.9759,3562.9745,4256.4823,2454.9354,2591.2406,2652.4199,3678.8846,2561.9158,2551.1151,4097.8456,2102.7613,2120.0319,1911.129
1:30,3747.285,3401.7568,3971.7994,2276.5031,3820.8499,2955.405,3219.4527,2439.3675,2432.8721,2306.7516,2172.8968,3540.1433,2545.9227,2074.1698,1916.0763,2780.5391,3140.4497,1644.623,2430.8237,3565.7337,4110.0925,2090.3847,2735.7069,2742.062,3712.7099,2624.4543,2399.8963,4128.7077,2062.2501,2067.2832,1933.383
1:35,3681.2867,3397.5678,3928.1514,2244.8404,3763.7459,3006.3933,3090.4581,2406.3214,2391.1102,2315.3938,2194.1309,3472.0117,2669.4745,2001.9472,1880.1727,2734.6964,3000.8793,1941.2681,2653.8772,3490.8173,4147.9464,2050.5167,2692.5842,2601.5522,3695.4937,3001.0962,2517.5382,2968.133,2095.6642,2163.1156,1801.2113
1:40,3531.1364,3186.68,3950.5615,2490.9326,3932.0828,2971.001,3026.7073,2474.2062,2498.5838,2309.7114,2169.9612,3523.1747,2507.2233,2100.2757,1880.2565,2899.2667,3016.0737,2017.0584,2612.0117,3277.3195,4119.4724,2008.5262,2795.1051,2472.8719,3589.2489,2929.423,2695.6755,2839.8565,2104.4942,2317.5697,1829.0399
1:45,3571.2743,3187.2292,3775.3095,2430.3633,3862.1855,2890.6782,3139.2392,2320.3334,2389.9762,2380.8522,2094.3868,3451.2997,2429.7231,1984.1393,1947.0717,2882.0469,3149.7803,1878.7037,2642.3057,3121.1423,4178.008,2133.4883,2681.0495,2223.7595,3700.7614,2782.4052,2325.0092,2909.9343,2207.2957,2401.7079,1900.7332
1:50,3565.7838,3175.7729,3859.6568,2349.9572,3804.3336,2929.5591,3019.6789,2238.7976,2500.6153,2138.0954,2164.4568,3450.0878,2451.271,1962.3983,1849.8804,2723.3841,3083.0325,1912.6906,2670.9427,3066.9401,4341.6024,1986.2168,2887.0441,2312.5745,3610.5397,2646.5099,2543.6296,2837.0619,2336.7812,2830.1152,1939.1526
1:55,3506.6596,3271.0709,3775.4413,2460.1324,3963.2502,2822.0773,3048.1198,2203.8313,2442.5447,2202.5914,2004.0795,3491.1832,2471.5879,2009.0901,1968.2904,2717.5791,3225.2421,2048.0455,2619.3148,3164.5554,4267.2583,2145.3294,2960.5091,2542.5224,3272.766,2676.1417,2395.8604,2858.6221,2266.0309,2933.6952,1776.2839
2:00,3420.7685,3218.8604,3729.8837,2452.0915,3900.7746,2764.0224,3018.3951,2111.7359,2450.8619,2269.0639,2081.4728,3483.8525,2388.4736,2004.7213,1945.489,2760.4704,3262.7901,1863.6448,2517.161,3134.7352,4110.8052,2065.1665,2800.123,2414.3601,2901.9341,2757.4647,2491.4063,2741.8825,2071.1824,2662.0028,1816.2966
2:05,3523.1378,3359.6516,3595.7248,2512.7571,3836.2462,2763.9687,2955.622,2326.459,2606.9448,2270.6126,2138.4584,3594.8125,2565.2938,1963.2417,1894.7954,2771.306,3081.5187,1887.921,2594.7449,3268.2873,4137.3796,1932.9423,2759.6959,2332.4756,2832.5858,2810.1869,2482.3328,2914.9419,2246.2688,2787.4633,1821.6707
2:10,3428.4005,3448.8125,3380.3565,2543.7936,3800.403,2810.1992,2906.8852,2311.5759,2644.1888,2309.3964,2165.2224,3325.8222,2609.4504,2003.744,1850.6598,2730.7077,3014.7465,1847.7462,2617.4194,3075.0939,4141.7344,2052.3763,2830.02,2180.0645,2931.8428,2827.7567,2446.4683,2999.408,2137.4898,2936.8483,1807.7385
2:15,3395.8682,3411.6239,3423.0499,2740.0015,3832.0409,2771.3146,2841.0806,2287.0544,2801.2021,2193.1812,2076.8073,3217.6834,2516.8324,2081.4336,1851.2431,2716.9311,3102.4995,1859.7358,2555.9652,3220.6094,3830.3631,2073.3733,2883.1931,2453.2085,2897.429,2828.6647,2388.4533,2908.7221,2080.2878,2898.0218,1776.1274
2:20,3530.3731,3333.3368,3414.855,2769.6491,3805.6298,2734.6086,2802.832,2336.8211,2747.2307,2268.3088,2148.5567,3101.1175,2724.9121,2045.1131,1747.8549,2909.3461,3002.8425,1908.154,2594.7438,3236.7886,3655.7822,2138.9149,2964.3043,2375.0967,2871.3579,2658.5201,2505.161,2950.8827,2214.43,2766.0561,1826.6597
2:25,3501.3037,3387.1432,3417.3631,2667.0088,3813.1797,2906.6346,2837.8674,2359.6589,2730.1944,2066.4558,1983.1491,3015.5283,2821.9056,2317.9018,1722.202,3052.3531,2911.3883,1813.5712,2616.9084,3296.1266,3584.1873,1916.7539,3006.8648,2349.3895,2849.7331,2695.5455,2351.0696,3121.2169,2122.131,2840.9701,1842.3623
2:30,3382.6312,3332.6113,3525.944,2610.1029,3847.2572,2882.5284,2861.1353,2323.3916,2730.0938,2154.831,2175.3861,3173.6408,2691.3313,2621.8262,1654.4824,2962.0976,3052.9587,1831.7168,2631.9744,3125.7789,3617.5898,2021.1059,3038.6258,2306.1447,2879.0115,2848.0412,2512.5219,2993.9719,2111.9268,2980.4684,1917.2353
2:35,3393.8298,3304.2603,3455.2541,2503.7605,3571.035,2967.4832,2893.1307,2265.4579,2798.1233,2051.7346,1874.6314,3079.3905,2664.1184,2288.5055,1642.8563,2905.0232,3102.9908,1871.2617,2624.5077,3075.3704,3607.6444,1946.6161,3036.055,2361.0745,2835.5894,2729.8838,2580.9853,2960.1236,2175.9302,2768.47,1850.0324
2:40,3518.9789,3336.0146,3573.0744,2579.8482,3505.7417,3103.7615,2978.136,2229.4976,2820.5418,2099.5686,1831.5245,2947.995,2691.4482,2273.7154,1671.1999,2889.6992,2959.0504,1697.5093,2531.3139,3132.6044,3587.4066,2079.875,3161.8933,2403.9968,2771.2834,2776.3799,2528.0518,2862.4179,2227.9728,2913.1386,1841.7388
2:45,3529.6004,3538.7247,3456.3453,2715.3152,3507.7816,2975.5981,3000.7552,2287.8394,2735.2388,2036.788,1903.4773,3095.9744,2801.821,2348.0874,1702.3988,2872.7903,3060.667,1671.932,2578.6485,3066.2917,3624.5583,2017.8909,3114.0107,2513.1592,2769.344,2710.4398,2574.4071,3027.5921,2180.434,2958.6198,1901.3276
2:50,3578.7946,4013.204,3530.4323,2598.5347,3507.0543,2965.888,3011.7128,2276.4565,2512.3499,2181.9145,2072.3174,3180.0376,2689.3373,2539.2877,1653.9761,2829.6061,3089.0671,1748.7759,2513.0807,3000.0852,3592.2151,2002.3071,3002.7016,2443.1725,2825.8947,2753.1073,2628.3818,2959.0896,2214.2133,3025.242,1939.8014
2:55,3528.2289,4012.8181,3431.0429,2561.4598,3439.9027,3200.0725,2951.6606,2315.0082,2529.9382,2112.7192,2033.7753,3134.1366,2163.053,2477.8741,1691.4738,2750.0813,2998.4437,1785.8185,2508.802,2952.8705,3633.1641,2030.5566,3063.2142,2537.4119,3049.9339,2709.8772,2569.5365,3057.2021,2244.3658,3003.6153,1886.6336
3:00,3526.986,3798.7653,3492.7948,2586.8282,3352.0762,3299.4147,3208.3782,2436.3701,2525.6593,1958.8291,2043.3215,3221.5495,2179.6685,2453.3481,1759.1244,2745.5825,3044.1514,1832.6832,2579.9881,2937.4917,3516.8433,1923.7639,2989.8092,2469.9398,3078.7111,2671.8364,2734.8765,3162.3164,2234.525,2981.2772,1924.9169
3:05,3450.744,3558.4366,3262.7391,2664.6386,3352.3997,3310.6987,3119.0801,2492.7788,2559.0113,1956.6534,2057.5389,3051.7548,1991.8575,2548.7887,1833.7777,2749.9352,3093.7546,1862.1245,2529.6664,3041.9041,3573.5568,2159.2674,2918.7251,2338.4338,3101.9675,2713.8046,3045.8122,3332.9847,2204.5749,3092.3284,1909.2023
3:10,3483.2004,3585.8337,3174.9626,2717.8531,3379.5667,3334.4094,3115.651,2428.5631,2571.4309,2075.4468,2172.0285,3102.9288,2139.1125,2521.4339,1677.7437,2810.4344,3039.1759,1762.3522,2592.6331,2945.8935,3575.3119,2091.6997,2955.4918,2412.8207,3152.471,2766.1217,3040.5225,3061.1848,2142.9252,2993.1052,1868.9599
3:15,3610.1394,3783.0959,3235.9662,2786.1966,3220.0932,3289.5173,3190.3156,2383.6429,2485.799,2228.7111,2055.2301,3122.4841,2125.7741,2504.1022,1740.7383,2804.0719,2980.721,1680.1628,2621.0057,3000.8998,3571.7042,2214.1668,2918.1963,2366.5136,3177.2375,2632.5615,2746.1381,3017.6719,2112.5215,2920.8285,1822.1866
3:20,3598.7894,3726.4976,3292.8978,2723.4414,3259.6239,3331.8886,3237.7406,2367.8058,2574.8461,2036.8011,2042.2725,3109.4861,2177.7804,2397.3868,1817.2593,2803.7353,2942.3378,1656.2926,2566.8046,3288.5423,3570.4988,1980.0059,2824.3837,2334.2191,3156.687,2576.5139,2827.4543,3188.8791,2139.7606,2943.6306,1827.4252
3:25,3277.9628,3673.9941,3269.0501,2709.3752,3318.9181,3258.6005,3116.2754,2496.9413,2539.4708,1792.9658,2226.746,3193.989,2301.5675,2392.9471,2986.7653,2806.1531,3034.5093,1675.5757,2623.6275,2963.5908,3579.7736,1979.3235,2886.0935,2403.4693,3131.7193,2611.6077,3004.1738,3080.4834,2209.6374,3481.838,1868.7909
3:30,3312.768,3740.0655,3327.3365,2587.3718,3385.0404,3171.0077,3422.6684,2460.3291,2469.2141,1651.0058,2304.8689,3142.2046,2263.4328,2452.3202,3009.1445,3053.3945,3068.9647,1534.553,2614.1046,2889.5846,3402.3366,2054.9388,2952.4573,2422.5736,3143.5515,2420.2553,2935.8717,2931.1534,2224.4946,3559.7915,1858.4263
3:35,3289.9081,3766.1859,3351.8784,2540.964,3595.547,3095.0642,3286.3291,2378.2463,2534.7477,1677.9009,2338.7761,3158.994,2340.1337,2481.6813,3041.7977,2929.1072,3004.984,1635.2662,2582.1788,2886.5932,3437.0866,2075.425,2958.6498,2669.256,3083.1342,2588.9347,2919.7567,2984.398,2235.5006,3435.3392,1809.0467
3:40,3327.714,3774.0083,3297.7982,2404.9569,3886.7219,3075.4918,3358.6675,2388.8814,2515.8632,1836.2826,2361.1886,3204.2692,2375.7514,2418.3558,3023.5852,2949.6036,2960.1192,1674.3788,2588.8216,2926.2575,3437.4789,2114.5383,2788.8013,2576.3003,2991.395,2524.9279,2835.2377,3003.0264,2266.1288,3526.7362,1800.3403
3:45,3262.206,3634.0815,3300.4186,2305.5806,3966.193,3106.4063,3290.3318,2381.8913,2604.6977,1967.8496,2344.9881,3163.695,2368.8054,2336.9181,2979.6221,2927.417,2878.8475,1695.0267,2553.6206,3001.6935,2331.7644,2044.602,2803.0753,2425.7043,3106.1311,2500.6962,2819.4233,3184.3134,2267.4021,3580.6533,1824.6364
3:50,3243.4998,3589.4644,3367.9181,2299.273,3871.1715,3052.941,3249.2809,2382.0834,2593.8807,1908.077,2348.1432,3229.8965,2373.1512,2299.2433,2902.1297,2869.2901,2776.1759,1679.1684,2487.9255,3164.9322,2349.7284,2158.3672,2816.8603,2393.7986,3112.5584,2550.188,2726.0473,3132.0804,2274.2703,3667.9948,1778.903
3:55,3144.0865,3695.9231,3467.9848,1966.5073,4032.4531,3175.8632,3309.2429,2401.6239,2653.1497,1894.9855,2459.7899,3274.1732,2503.2942,2294.7496,2923.6506,2904.6904,2915.5282,1539.2385,2569.4832,3135.3172,2491.3605,2101.0277,2704.3657,2386.57,3249.2134,2524.4415,2726.417,3158.527,2343.0167,3680.9331,1790.4084
4:00,3113.3333,3913.4731,3489.8283,1960.7576,3894.8877,3603.3576,3336.8261,2432.7799,2552.8507,1937.3269,2434.9421,3258.9409,2433.793,2373.7989,3187.7789,2888.2809,2926.9765,1685.8219,2559.8282,3135.5125,2394.5151,1911.2719,2645.239,2338.8762,3256.5355,2482.2318,2704.182,3027.8577,2253.3453,3404.1658,1818.6113
4:05,3248.2191,3887.3404,3318.8938,1967.5411,3983.7707,3703.0193,3330.5048,2236.8628,2528.3669,1966.1689,2427.7927,3216.7507,2427.7368,2439.7368,3070.2128,2843.3997,2819.2016,1785.8807,2670.2954,3202.2815,2622.4223,1820.7835,2561.8162,2371.4327,3276.2773,2537.601,2767.7875,3141.1372,2179.202,3329.9185,1983.9492
4:10,3347.9569,3827.3245,3308.9041,1940.7252,4039.3907,3640.3088,3277.9324,2190.1656,2497.1923,2149.3838,2249.4855,3149.9175,2501.9331,2454.0884,2904.2609,2854.6272,2862.471,1601.8368,2662.5252,3388.2292,2532.6495,1736.0608,2560.5214,2348.4869,3351.0133,2517.0393,2844.5994,3034.3778,2216.7403,3284.2964,1909.3612
4:15,3314.5699,3723.8231,3258.8771,2015.201,3865.0844,3466.5027,3363.6794,2232.5629,2366.8087,2033.0625,2093.5808,3162.5515,2480.5737,2529.5615,2828.7187,2916.491,2906.8776,1813.3406,2511.2576,3219.9497,2622.0571,1685.5863,2546.8951,2439.0153,3429.1445,2616.7124,2817.5774,3174.532,2371.2513,3330.6647,1808.4191
4:20,3299.5615,3722.8592,3275.26,1935.7072,3894.9401,3296.5893,3447.1767,2144.6169,2244.4632,2241.7999,2086.9357,3108.6725,2290.021,2563.4562,2917.1756,3022.3419,2739.4822,1756.6419,2311.225,3392.9523,2660.54,1827.1752,2297.766,2502.0843,3241.2536,2693.2473,2819.3951,3120.3209,2353.0924,3586.8116,1819.9012
4:25,3418.5099,3830.9392,3284.9262,1892.3816,3692.4791,3399.1588,3164.5402,2232.2911,2201.3593,2264.1345,2135.6032,3040.0081,2289.434,2569.1402,2856.3472,2956.9163,2921.2548,1864.8152,2306.924,3310.0292,2618.9272,1813.9659,2189.8791,2481.3531,3161.0575,2690.2767,2825.8542,3123.9661,2363.0039,3550.465,1815.4107
4:30,3271.0527,3928.4753,3269.4009,1848.3498,3810.4967,3442.6435,3181.0737,2137.9728,2314.0469,2399.1606,2067.6897,3070.6056,2189.0956,2503.4621,2997.5555,2816.053,3002.4478,1859.3459,2235.2487,3356.1517,2653.6931,1763.1421,2128.0546,2357.8273,3134.2352,2904.4179,2833.9206,3076.1512,2332.6277,3474.5431,1780.0643
4:35,3334.6558,3806.2723,2935.4634,1819.377,3891.1229,3437.8085,3240.1837,2032.4898,2486.5739,2269.8776,2041.0079,3039.7846,2246.5282,2286.3998,3079.8432,2586.1496,2931.841,1759.7046,2203.1101,3403.4647,2732.8842,1760.9424,2445.9771,2422.4304,3061.0688,2740.7798,2936.0288,3067.4309,2454.7625,3565.5913,1868.1134
4:40,3336.3553,3653.9051,2851.6082,1958.6888,3958.6913,3409.8482,3291.6986,2098.0659,2244.0977,2243.9498,2019.3884,3040.4009,2316.4182,1961.5505,2976.8457,2455.8633,2979.5627,1854.9859,2254.2429,2912.7309,2689.1238,1815.9435,2117.2807,2487.0809,3016.2333,2884.7575,2898.7979,3104.6271,2449.1378,3524.061,1814.3621
4:45,3353.4253,3751.006,2828.2575,1885.2327,3881.7431,3500.9457,3330.0752,2141.3733,2093.924,2223.2612,2018.5878,3122.4257,2329.2473,2005.2412,2879.7745,2426.5526,2912.3705,1777.6262,1937.8055,2838.4607,2588.6315,1868.3982,2385.6251,2519.7844,2974.5723,2785.8364,2851.9704,3070.8912,2365.4549,3534.192,1824.8133
4:50,3351.946,3604.4977,2924.1324,1810.8332,3993.3768,3590.943,3232.4519,2158.2831,2016.6738,2294.0225,2013.6259,2901.028,2646.4729,1331.026,2783.4883,2786.0765,2956.5382,1728.4957,1888.5128,2835.3862,2634.9617,1833.1445,2422.3432,2523.6256,2958.3863,2859.0128,3077.6883,3099.48,2473.0634,3491.2435,1867.7585
4:55,3425.7297,3152.5429,2980.3963,2033.1108,4049.6515,3644.1874,3244.7294,2080.1386,2058.0769,2414.3507,1857.1085,2785.2626,2534.9168,1393.8842,2892.3056,2605.2506,2991.3823,1673.47,1791.6312,2888.8858,2753.9893,1828.963,2396.612,2482.5892,3094.1997,2876.632,2833.0701,3223.7783,2395.5327,3462.1475,1824.618
5:00,3380.7836,3069.8375,2821.8947,2108.4777,4028.7304,3622.3802,3277.145,2080.3339,2009.4914,2429.4105,1914.0923,2833.4245,2525.3414,1354.0914,3062.3826,2525.0639,3079.1014,1478.9224,1716.8824,2862.0624,2652.9282,1812.0249,2217.7347,2558.7615,3008.0485,3012.9195,2821.2717,3025.7744,2314.4654,3657.5966,1902.1134
5:05,3598.5154,3022.4695,2914.5983,2200.9467,4064.7554,3635.9536,3222.1298,2063.1704,2014.114,2450.4008,1834.9214,2900.3999,2488.5854,1379.3804,3000.7069,2538.429,3156.1812,1470.7739,1708.0472,2783.5505,2576.1493,1921.7773,2469.7149,2524.7396,2974.063,2805.0983,2735.8929,3072.459,2337.1394,3647.8046,1915.4495
5:10,3511.8503,3078.6334,2805.8311,2219.3548,3924.3693,3556.1853,3232.7501,1996.1985,2045.4182,2398.7919,1841.145,2844.193,2517.3033,1468.6431,3055.3925,2618.6737,3121.2774,1562.0404,1637.438,2845.5947,2649.4413,1852.5602,2458.7225,2421.6094,3115.0506,2623.8176,2777.5861,3009.6409,2346.4572,3679.0125,1850.2099
5:15,3572.781,3046.9014,2878.6011,2176.7673,4020.6,3621.8732,3252.6845,2057.4087,2216.9587,2355.4168,1922.5982,2837.5642,2366.0915,1500.2315,2845.9496,2583.9019,3050.1936,1675.961,1661.3066,2861.9445,2641.7142,1804.059,2511.0732,2407.7436,3116.3494,2596.6074,2346.0962,3048.5599,2292.8925,3739.0363,1890.7125
5:20,3475.683,3044.9955,2873.9638,2288.4561,4025.2169,3603.8779,3247.7121,2143.212,2081.3209,2204.9901,1859.1865,2771.3629,2375.8011,1520.7081,2654.1467,2596.9318,2937.2798,1638.9276,1701.7989,2766.962,2742.2973,1835.0373,2535.9837,2497.0471,3190.4463,2688.1274,2314.7918,2905.2885,2376.9201,3715.6366,1888.2083
5:25,3452.7949,3229.2177,2869.7519,2263.7432,4035.894,3589.1759,3388.3381,2233.5557,1937.1176,2211.6332,1807.9339,2906.9884,2451.5124,1480.6741,2704.4056,2561.528,2950.3455,1754.0807,1709.155,2771.4795,2589.3114,1927.9466,2435.8094,2662.9693,3132.5218,2775.7441,2286.7991,2870.3082,2504.3673,3702.5222,1857.0142
5:30,3497.6615,3111.9308,3145.3881,2210.3316,4020.7512,3430.9605,3378.1303,1863.5211,1996.1619,2051.3866,1837.447,2910.4981,2495.1718,1469.5577,2731.1928,2506.4797,2994.0313,1734.717,1740.1645,2524.6904,2681.4233,1946.9952,2490.2774,2453.4227,3162.1301,2767.3983,2422.9592,2879.9218,2352.8367,3836.5169,1864.9997
5:35,3618.5451,3091.7371,3024.2073,2231.5027,3992.0275,3339.9264,3306.0683,1706.6522,2105.1885,2013.1497,1868.1847,2901.2659,2665.0036,1492.3357,2691.8358,2458.2477,3091.6331,1662.0395,1811.7232,2570.1103,2693.0401,2146.697,2690.6655,2405.3756,3246.6186,2822.1712,2395.3124,2864.158,2461.3742,3752.794,1881.6628
5:40,3679.0426,3080.0529,2772.3286,2190.7647,3963.1681,3501.8669,3285.6542,1802.3816,2197.9112,1974.9495,1922.6499,2973.0602,2520.4689,1550.4051,2822.3972,2404.4703,2912.6398,1747.8905,2002.8989,2489.6803,2719.7774,2089.1873,2637.3117,2437.881,3334.0413,2768.8119,2329.7066,2910.8611,2418.4344,3768.2692,1928.7715
5:45,3804.7908,3110.7293,2823.1135,2271.9335,4139.7422,3279.1244,3251.8003,1788.4774,1967.9229,1952.7754,1816.3904,3152.0632,2476.9494,1613.8788,2805.7635,2539.5436,2831.9674,1846.9603,1934.7961,2437.3633,2614.2044,2059.4746,3002.8297,2578.4723,3105.0594,2671.9236,2273.9002,2978.0614,2397.783,3758.2998,1941.7536
5:50,3698.3437,3131.3477,2675.3735,2150.3106,4064.5553,3167.6194,3310.6796,1808.8304,2016.0248,1846.4965,1830.3304,3078.3417,2537.5717,1710.6036,2654.9459,2585.7977,2930.4809,1925.344,2081.1747,2454.744,2707.3143,2060.6064,2910.7093,2541.1627,3142.5333,2751.3007,2252.1317,2955.7639,2448.0293,3866.2455,1946.8143
5:55,3652.1622,3249.3496,2669.6367,1682.8371,4097.959,3161.8393,3063.3624,1634.0551,1910.99,1899.4524,2022.1753,3205.8493,2686.5401,1676.4061,2685.7112,2555.4968,2862.6824,1813.6627,2102.6213,2502.7613,2615.3897,2123.9347,2971.7335,2504.5821,3175.3315,2783.1377,2415.8232,3015.393,2397.3963,3753.2616,1917.1961
6:00,3763.4806,3329.9968,2619.1947,1755.2018,4143.7426,2928.6556,3004.4404,1495.714,1831.7334,1925.3623,2014.9652,3283.6401,2695.9547,1645.5802,2618.9975,2496.9604,2882.434,1725.1313,2111.4606,2374.4295,2592.8996,2162.6518,2904.7825,2533.5543,3269.8789,2754.4772,2358.6716,3039.943,2379.12,3639.1869,1926.4991
6:05,3863.7949,3402.7052,2578.4429,1648.4286,4101.6906,2927.623,3061.3732,2622.1401,1891.7678,1890.3772,1962.8031,3119.0764,2696.9215,1674.3724,2579.3704,2977.6884,3094.3658,1699.2275,1986.1928,2474.2396,2590.0816,2164.7507,2837.6394,2602.7787,3239.9606,2924.5136,2317.6071,2970.3384,2610.7,3619.2114,1928.2327
6:10,3735.9026,3358.6539,2641.8294,1631.2136,4099.7284,2695.4818,3009.516,2858.7458,1883.8681,1800.1275,1935.6127,3366.616,2617.8105,1688.8021,2579.9469,2799.5142,3126.6911,1692.8776,1749.5612,2549.7639,2555.5477,2228.6398,2637.1157,2538.3294,3215.5737,3020.3329,2359.4754,3035.2461,2529.2646,3607.0844,1912.1143
6:15,3742.7252,3246.6111,2588.6068,1642.3164,4182.5347,2704.3553,2770.8462,2925.9718,1937.4925,1803.5661,1922.2599,3346.3357,2655.973,1679.688,2604.7168,2759.7668,3143.9993,1711.348,1747.9484,2595.3278,2484.9873,2229.9218,2775.4441,2600.8963,3170.6876,2855.1795,2240.1063,2857.0111,2490.5561,3598.515,1911.5317
6:20,3670.6448,3020.042,2638.7917,1571.5071,4111.6676,2655.9508,2899.8861,2901.0854,2092.141,1767.3955,1778.223,3047.6459,2617.4222,1721.2006,2652.9461,2973.9127,3289.4017,1833.2242,1788.0805,2176.8034,2545.5833,2168.5761,2843.544,2694.4506,3207.566,2815.5643,2263.1945,2939.3525,2579.8494,3566.9304,1870.4825
6:25,3355.524,2953.57,2614.2599,1630.6334,4011.0162,2641.7996,2801.3765,2900.7383,2084.478,1950.7899,1770.7705,2753.5655,2526.6773,1726.6655,2707.6913,3078.2339,3203.8764,1849.1484,1781.4749,2227.8862,2551.0071,2080.3556,2821.7991,2698.7361,3267.8602,2887.1144,2341.2769,2883.4577,2590.36,3565.273,1908.3937
6:30,3232.499,2862.6428,2632.1893,1646.6987,3789.005,2563.4286,2749.1597,2838.872,2066.4548,1830.4568,1768.9329,2764.7476,2575.9121,1815.1171,2722.5621,2976.2059,3419.0894,1596.2171,1656.391,2090.3188,2763.3584,2097.6701,2836.3266,2544.5754,2916.77,2863.6284,2389.4642,2558.053,2538.2289,3407.965,2009.2672
6:35,3148.2916,3017.5874,2684.1232,1622.0735,3654.7132,2629.6162,2711.8586,2879.2572,2043.0563,1671.8051,1816.7657,2810.9991,2505.6974,1722.0081,2678.6794,2969.9356,3340.2559,1530.977,1721.005,2116.3767,2583.9984,2179.6307,2772.3326,2416.6908,2841.8582,2340.9102,2558.5652,2549.8272,2553.5451,3498.5782,1969.3217
6:40,3473.3962,3028.7175,2734.385,1632.5213,3650.7699,2653.2164,2683.0493,2881.7308,2039.858,1639.5292,1819.2344,2702.689,2461.4419,1721.7427,2536.7844,2864.5021,3288.0618,1419.2364,1792.6725,2123.5791,2772.8384,2245.233,2714.8204,2418.8514,2989.8853,2326.7836,2590.4663,2414.5374,2581.3646,3486.2857,1933.9046
6:45,3201.1476,2967.2066,2691.3076,1643.4706,3639.2825,2773.3704,2720.3169,3087.8536,2087.7234,1673.0113,1959.4156,2798.232,2416.2008,1813.7979,2688.2521,2949.1428,3211.3676,1357.7789,1652.5979,2130.6549,2946.4032,2109.0097,2800.6026,2345.9566,3031.3369,2262.6427,2589.4451,2294.8787,2584.511,3670.8719,1899.4446
6:50,3153.6292,3033.7559,2771.0256,1747.0186,3733.4402,2670.5385,2730.1326,2883.8172,2118.3501,1623.1154,1898.8458,3014.4732,2528.1271,1665.0513,2708.029,2962.3864,3253.7302,1527.6466,1765.3323,2200.1377,2889.8131,2181.6428,2557.9174,2359.2539,3047.7386,2267.9676,2638.3276,2307.4725,2674.2014,3562.6557,1982.3786
6:55,3334.7783,2943.0668,2761.5191,1675.4458,3534.6653,2516.8014,2699.8052,2881.4703,2295.0589,1649.931,1844.2674,2892.6671,2554.2588,1716.0849,2761.7913,2954.2055,3372.6523,1503.4954,1594.9114,2353.2533,2886.2697,2201.4532,2477.8806,2416.9132,2995.4697,2497.7242,2607.4176,2538.0556,2760.1384,3449.6981,2016.2709
7:00,3354.0343,2912.6074,2827.9943,1678.7224,3498.6981,2480.0952,2760.7833,2934.816,2379.6588,1791.8001,1911.8861,2760.3176,2524.855,1668.4244,2658.2223,3116.6549,3548.8019,1604.0527,1646.0418,1966.0764,2892.9523,2170.6602,2496.6993,2391.0188,3084.3954,2356.8212,2608.2874,2492.0663,2629.5673,3428.0102,1935.9378
7:05,3487.1184,2990.7817,2866.0149,1802.4898,3625.1379,2481.5717,2728.7992,2940.5636,2282.1335,1803.2584,1856.0983,2585.4854,2397.5008,1690.6608,2792.071,2927.7172,3437.9337,2282.7142,1623.8097,1831.9084,2983.5696,2114.7305,2636.06,2547.8752,3333.4172,2385.6717,2717.1624,2669.0064,2619.1385,3378.1147,2028.2845
7:10,3419.5086,2906.6903,2780.9461,1721.6786,3505.0027,2578.7528,2743.1894,2936.8051,2213.8067,1915.5028,1887.0782,2665.6956,2322.5299,1800.0289,2700.7667,2830.3745,3575.9914,1847.4374,1605.8995,1887.1702,2993.565,1864.6208,2270.3148,2290.2696,3259.6511,2620.2402,2849.3423,2736.9105,2646.1567,3353.9056,2029.1835
7:15,3121.4036,3119.9984,2708.9516,1803.0026,3541.0354,2538.8982,2790.9101,2995.1713,2352.5719,1924.4039,1563.7857,2643.3792,2236.8268,1760.8378,2737.2833,2998.041,3642.5825,1633.2173,1725.6092,1871.8483,3184.3414,1875.7349,2124.4235,2117.9607,3085.1663,2567.9921,2860.7511,2646.4421,2563.9336,3378.6712,1932.8656
7:20,3116.4904,2924.5165,2498.6711,1863.647,3405.2965,2658.6756,2778.8896,2926.2684,2420.1084,1979.4503,1733.3805,2638.3883,2242.031,1785.0875,2882.6267,3160.5716,3519.7374,1655.341,1707.68,2099.6321,3094.6352,1857.7103,2276.0214,1971.7495,3129.4421,2517.9107,2833.2761,2569.4596,2530.5474,3504.9147,2017.0858
7:25,3138.9104,2977.8654,2535.3058,1802.4913,3548.5499,2670.1204,2833.9735,3024.659,2432.8505,1886.9543,1908.2122,2671.9712,2275.8927,1904.9405,2870.8682,3127.4028,3678.6931,1853.9689,1829.1207,2214.1614,3040.2073,1756.9635,2647.2336,1901.083,3089.917,2440.6569,2748.4803,2566.6241,2573.4875,3505.5035,1960.936
7:30,3297.0728,2950.5293,2588.7971,1918.9107,3608.5354,2760.0855,2782.0545,2955.3008,2387.3502,1918.5786,1962.0772,2745.542,2290.9802,1985.8159,2809.7415,3087.5363,3586.9941,1813.9607,1915.3583,1859.9301,2799.2683,1648.4643,2374.3507,1947.482,3253.0692,2487.7945,2936.6178,2588.2108,2467.283,3732.0693,1934.0466
7:35,3345.721,2843.492,2572.9442,1810.5614,3694.3905,2792.3328,2853.7743,3012.487,2291.782,1936.1109,1736.696,2877.3279,2322.4717,1945.3294,2875.0708,2933.2512,3584.2359,2091.6675,1869.0503,1822.3669,2821.5161,1707.7171,2233.0513,1961.0471,3114.627,2545.4402,2964.8139,2618.1923,2420.385,3834.5632,1918.9389
7:40,3445.5291,2801.4034,2574.9831,1905.4411,4057.3466,2810.7369,2984.2253,3085.3755,2227.9372,1949.5827,1644.1864,2851.1354,2378.0431,1937.3447,2783.4335,2945.1202,3786.6808,2107.8205,2012.7037,2066.0319,2914.2264,1786.2541,2226.2988,2095.552,3115.1312,2759.7414,2995.583,2536.3193,2500.7549,3863.947,1942.3721
7:45,3516.5534,2913.6957,2576.1106,1836.4794,4157.4816,2904.9722,2989.605,3125.3861,2326.1326,1644.2006,1712.8161,2868.2292,2450.3985,1889.3231,3193.2022,3075.0526,3598.1718,2135.1355,2254.1329,2019.6875,3063.48,2067.9844,2446.533,2238.2836,3054.1436,2624.6229,2717.163,2774.2641,2629.1507,3838.5857,1872.704
7:50,3578.2884,2984.3789,2582.7518,1903.4379,4324.0584,2895.3148,3123.3402,3009.7341,2343.7155,1652.1496,1854.3377,2984.1392,2348.8737,2145.4413,3084.2229,3133.2697,3609.4095,2187.0818,2502.7605,2238.0167,3308.0493,2317.6998,2649.8465,2401.5879,3391.1814,2979.3381,2745.2025,2736.3755,2656.7751,3785.6896,1821.3777
7:55,3795.2954,2993.0495,1740.8819,1572.124,4280.3375,3028.008,3174.4011,3127.1803,2397.975,1710.7108,2164.1261,3001.7771,2387.9912,2159.289,2901.538,3063.0918,3851.3844,2269.6952,2595.2671,2472.2255,3457.0433,2347.4915,2860.1563,2487.5434,3630.1092,3154.6673,3054.7824,2908.3498,2831.9635,3879.6104,2008.9742
8:00,3975.819,3087.7073,1557.0976,1570.6676,4363.5119,3266.9134,3216.9253,3201.9971,2520.458,1658.8206,2283.8,3061.9858,2482.8262,2429.9198,2908.4475,3200.1465,4097.439,2815.1872,2698.9631,2459.3401,3452.6732,2201.7175,3068.7483,2473.6798,3930.114,3127.606,3174.1035,2918.5807,2997.2157,3766.4771,2028.123
8:05,3987.8607,3205.5242,1580.194,1734.0544,4895.0733,3385.3292,3291.6741,3552.9619,2472.654,1648.2764,2368.0977,2942.1342,2718.168,2641.3466,3554.2139,3073.7342,4243.7475,2877.1726,2693.9429,2386.198,3385.2839,2216.6884,3103.717,2542.4261,4078.7002,3310.1259,3237.3946,2729.9089,3079.5394,3742.2321,1965.7561
8:10,4049.405,3400.8863,1555.5215,1692.7952,4813.7359,3361.2059,3461.5811,3423.7304,2510.1629,1672.7599,2443.6304,3116.8368,2722.882,2767.7472,3525.7464,3058.2957,4371.2259,3066.6944,2954.3585,2444.386,3744.8707,2368.7095,3128.0951,3110.9168,4011.5966,3308.8136,3283.2131,2843.4042,3104.6412,3909.2668,2005.8208
8:15,4111.2959,3299.8333,1600.7028,1788.7755,4891.3289,3402.9167,3331.2764,3396.3674,2780.6649,1740.995,2665.7487,3056.6375,2870.9628,2809.6356,3006.3047,2934.1083,4462.1035,3285.5602,2953.403,2585.8414,3838.9977,2361.322,3103.0793,3490.2665,3943.936,3158.9209,3478.8547,2910.8878,3146.8622,3466.9751,2005.7454
8:20,4240.6404,3387.1139,1723.9122,1824.4561,5030.3238,3489.4694,3348.8962,3537.9066,3186.833,1827.2687,2583.6519,3256.8938,3107.4156,2840.9995,3206.9193,2823.8713,4546.9675,2952.9454,2895.8577,2604.5374,3986.0283,2434.7624,3335.6818,3388.0637,3949.394,3324.9639,3596.6735,2857.8614,3135.8638,3665.9087,2051.8953
8:25,4310.3263,3372.8407,1729.6681,1807.6573,5227.6183,3544.9965,3360.0875,3553.2928,3269.7126,1918.8443,2626.931,3235.0716,3141.2847,2788.2697,3250.4311,2863.9958,4477.9232,3149.614,3280.0359,2728.7473,3990.6718,2317.3395,3370.6703,3378.8966,3692.5022,3323.6666,3574.4156,3095.7465,3069.2508,3722.9529,2092.6302
8:30,4437.5596,3408.6136,1546.0962,1829.6333,5241.8744,3542.7976,3519.6917,3471.8991,3007.7802,1967.7292,2509.3167,3392.0793,3194.8896,2810.9007,3881.7035,2846.0345,4412.1277,2870.7115,3297.5353,2707.5329,3999.4123,2166.8932,3538.9791,3347.029,3925.3938,3416.2517,3593.907,3238.6177,3068.986,3793.0239,2151.8264
8:35,4598.6134,3435.9741,1542.0301,1917.0679,5129.6502,3723.966,3617.8592,3627.8189,3001.6367,1932.4762,2771.41,3509.995,3526.6082,2777.676,3941.4819,2886.1768,4407.4697,3064.5545,3280.5959,2846.6624,4086.9923,2262.8921,3502.0009,3479.1965,3874.8622,3356.3228,3506.212,3222.295,3021.4191,3780.5165,2088.0755
8:40,4681.4612,3470.4961,1440.6941,1887.7523,5037.2953,3840.8834,3525.4236,3425.9819,2892.5618,1898.0712,2888.2467,3427.1394,3623.9521,2935.0258,3840.8322,2699.7532,4442.9568,2816.0109,3117.7462,3002.0237,3851.6157,2293.4431,3515.0888,3365.0353,3880.6554,3297.7823,3547.2606,3474.6805,3093.6018,3859.5393,2115.6976
8:45,4726.9774,3491.8998,1497.345,1853.3092,5271.273,3937.2112,3620.603,3592.082,2898.5368,1936.0805,2915.9393,3507.0669,3541.5173,2823.1342,4091.3606,2711.7706,4288.7488,2893.5178,3245.1503,3085.0447,3893.316,2421.6633,3401.8993,3571.343,3917.8672,3296.7869,3535.5679,3594.9125,3013.9555,3830.3003,2062.0074
8:50,4606.797,3501.7861,1550.058,1850.3983,5191.9792,3881.814,3720.5839,3513.975,2891.8334,1857.7939,2823.2342,3471.9264,3533.9432,2310.5506,4219.8102,2717.1073,4346.5933,2821.1045,3353.3831,3024.3885,3986.8304,2863.4581,3481.6442,3552.9352,3855.2901,3259.504,3384.8125,3563.5121,3044.4502,3732.8847,2060.1475
8:55,4690.4032,3456.1738,1479.5535,1889.6626,5236.1338,3844.516,3635.6804,3688.4496,2864.5659,1932.7455,2831.778,3588.8035,3499.5878,2268.0392,4503.1246,2724.5602,4276.4422,2848.851,3290.1842,3014.8145,3994.4227,2987.9108,3531.7277,3339.4033,3949.8054,3173.6488,3347.8556,3667.5298,3314.5144,3802.5126,2154.1196
9:00,4877.0193,3308.9071,1566.7849,1973.9937,5404.7792,3825.1044,3580.1319,3557.376,2877.7644,2021.223,2871.1508,3595.4603,3486.6905,2329.5102,4573.066,2748.262,4302.4802,2855.2728,3330.8079,3038.1018,3951.0505,3134.119,3444.7677,3158.2456,3953.4175,3200.1924,3351.6249,3587.0398,3326.1706,3756.6646,2180.6911
9:05,4942.9658,3424.3347,1456.1383,2030.1059,5544.9059,3856.6067,3591.6964,3650.0992,2923.1646,1972.468,2974.3359,3597.2287,3497.9138,2291.343,4442.3804,2744.4459,4422.8473,2961.064,3138.416,3085.7062,4014.0799,3227.2511,3359.2786,3208.0327,3933.7467,3076.6655,3447.0239,3475.3365,3522.702,3712.731,2179.6818
9:10,4972.8409,3219.0271,1452.2159,2070.3763,5311.4305,3869.8373,3667.1102,3585.1921,2987.7434,1879.7026,2971.2916,3517.8355,3538.3168,2346.6299,4460.5676,2767.1749,4457.2259,2914.7847,3223.8654,2979.2049,3936.2188,3399.8804,3010.0823,3346.3033,3832.7799,2741.4746,3533.283,3058.2918,3436.5802,3779.2224,2250.4822
9:15,5154.6421,3222.4233,1476.4047,2043.3803,5136.1545,3854.5292,3667.2661,3682.0726,2986.5113,1952.1275,3013.9993,3500.1496,3378.6668,2382.9997,4486.0878,2905.2603,4378.5682,2862.3654,2873.3178,3040.9483,3657.1911,3414.8725,3184.771,3720.2931,3827.2995,2710.8565,3419.5484,3219.0606,3627.8624,3743.1745,2183.4704
9:20,5184.4721,3228.6983,1526.3575,2069.9755,5254.5094,3764.5724,3674.6536,3712.7269,2962.397,1845.2213,2817.7087,3499.087,3151.2935,2310.1451,4533.9936,2876.0047,4145.3745,2973.6958,2844.7521,3159.2926,3667.4695,3714.392,3128.4235,3594.7839,3873.4292,2869.2918,3487.138,3213.8704,3758.739,3805.5587,2212.8524
9:25,5256.6774,3375.2822,1586.1492,2067.5167,5352.2106,3814.5139,3669.726,3721.6532,2998.45,2013.034,2829.364,3492.4921,3122.3862,2483.3205,4599.3167,2911.1005,4057.2122,2972.3228,2969.5536,3175.9732,3690.6718,3656.1931,3177.8549,3610.6656,3872.7128,2770.7496,3408.0805,3299.5566,4004.7808,3524.0261,2222.6775
9:30,5244.6839,3150.7266,1672.0911,2122.4995,5299.4242,3838.6832,3649.0361,3639.001,3072.782,2023.2357,2846.4816,3520.5702,3180.7307,2389.0684,4665.0234,2801.547,3961.1486,3026.5593,2830.849,2952.6718,3691.7429,3245.5883,3336.0048,3168.4631,3835.44,2791.2905,3328.5018,3255.1349,3952.8534,3415.1118,2321.3834
9:35,5158.9409,3089.3165,1691.2162,2165.0146,4882.0664,3803.626,3619.8484,2395.2227,2982.928,2030.8697,2777.2837,3606.8499,3244.0729,2469.356,4626.2694,2945.0246,3927.958,3100.065,2724.3518,3139.136,3674.5458,3286.2996,2893.9538,2905.3636,3782.0996,2748.0298,3297.2014,3209.0188,3975.662,3313.8381,2298.2105
9:40,5035.0676,3176.4631,1738.4061,2208.043,4949.8366,3815.7136,3597.6551,2263.031,3006.491,2080.9214,2925.0188,3821.7007,3171.2299,2449.6545,4620.448,2934.0165,3862.7744,3140.5249,2747.2387,3037.9113,3651.8167,3331.2681,2816.8676,3059.6665,4035.3199,2868.2777,3376.4392,3220.4136,4008.7899,3396.1336,2258.5561
9:45,4997.9955,3164.9776,1894.8325,2091.4054,5052.5819,3790.3303,3706.0772,2280.2124,3066.9396,2060.9954,2641.3194,3666.5242,2940.9562,2498.4178,4664.1224,2845.1074,3954.8469,3231.5882,2829.7594,2910.7817,3773.2919,3470.8061,2727.0096,3108.2891,4032.4366,2822.8803,3377.237,3346.5068,3707.8015,3244.6559,2133.0142
9:50,5200.3581,3258.3396,1885.3431,2029.2707,5264.6179,3816.8753,3693.3532,2208.083,3070.3432,2011.1515,2492.2148,3689.4503,3003.0537,2623.7083,4673.5491,3030.7467,4004.9458,3271.1764,2906.0712,2936.7349,3736.5667,3339.2027,2674.2746,3049.1792,3963.4571,2735.3809,3504.356,3098.3739,3756.9905,3220.1267,2194.1375
9:55,5107.1852,3516.1934,1927.7952,2114.8029,5323.7297,3733.5907,3685.325,2114.4284,3112.0482,1966.5953,2531.2516,3560.1472,3100.2579,2766.5878,4414.1223,3013.9716,4209.8713,3368.7949,2720.3671,2799.5337,3695.6691,3176.5625,2723.7567,2737.9088,3937.7465,2860.1456,3670.084,3017.249,3835.7118,3302.4823,2213.8339
10:00,5223.3723,3269.0961,2059.5895,2184.3367,5322.9363,3660.1913,3743.502,2218.7729,3227.3575,2046.3954,2697.5142,3562.3576,3070.9413,2699.6957,4350.6315,3083.1407,4238.9179,3221.9567,2672.6411,2843.1427,3846.3047,3306.8293,2493.2366,2741.4098,4115.8059,2874.8073,3754.7532,3171.6764,3662.1908,3299.0313,2185.8377
10:05,5297.8405,3380.3309,1930.9782,2271.3849,5482.2546,3724.3978,2678.6185,2245.2986,3121.7253,2004.7842,2711.1275,3678.0125,3180.1216,2734.0705,4296.4455,2946.5819,4149.1986,3154.9551,2645.7982,2739.729,3960.6623,3216.3261,2559.8312,2717.2397,4231.475,3081.498,3763.2695,3193.0847,3686.615,3294.3045,2136.6472
10:10,5301.7583,3387.7857,2013.1821,2221.1415,5475.5755,3534.7617,2611.4211,2217.8611,2820.919,2017.5507,2745.0577,3546.4278,3077.6029,2693.4534,4257.5974,2909.0996,4080.5266,3185.5565,2702.712,2806.5759,3787.0351,3450.3095,2445.8886,2875.4186,4352.9391,3075.8893,3692.7852,3220.7087,3789.8475,3066.9757,2120.2308
10:15,5362.449,3542.9677,2025.9345,2205.3389,5424.4669,3415.2197,2481.1583,2249.5878,2856.8177,1996.8705,2787.7531,3596.0475,2993.4498,2637.2474,4143.6879,2859.2827,4332.5131,3189.4238,2577.8038,2858.785,3675.4737,3454.086,2519.2893,2909.7312,4288.8115,3260.7113,3767.8792,3146.2559,3812.6543,2990.1313,2150.3982
10:20,5262.5209,3401.033,2046.1989,2196.0475,5317.7863,3297.3999,2494.6945,2428.9298,2837.3279,2019.951,2567.8035,3594.8918,3028.7906,2754.3566,4202.9279,2818.5693,4545.7338,3172.0879,2473.2787,2551.1941,3716.647,3284.9548,2539.8875,2987.9446,4307.7214,3242.9794,3324.0096,3092.515,3907.2807,3071.8831,2091.4529
10:25,5256.0373,3401.2329,2059.2336,2173.1681,5344.093,3454.5087,2814.3349,2431.7774,2750.1555,2028.5732,2621.0376,3548.6272,3140.4844,2769.8158,4104.6536,2855.2032,4496.6816,3327.2928,2490.8133,2590.3354,3700.6485,3024.6151,2509.5469,2714.7103,4282.507,2936.985,3188.3298,3213.3626,4074.2307,3034.2357,2061.2908
10:30,5243.1574,3356.9994,2123.21,2174.0284,5339.2738,3397.0269,2478.0528,2384.1143,2936.6616,2032.3777,2711.3283,3421.8757,3274.71,2836.0451,4151.9947,2715.5556,4374.7934,3297.7828,2537.9644,2577.4412,3733.9795,3003.2193,2532.7124,2513.4192,4276.0477,2906.2718,3163.3053,2979.4013,4062.3001,2854.4623,2069.9067
10:35,5048.4154,3378.4269,2143.013,2068.6276,5274.9045,3557.3448,2678.6297,2338.334,2906.618,2105.8635,2668.7713,3324.8022,3161.7984,2965.8094,4284.5961,2762.1998,3109.8189,3233.1783,2459.9766,2340.3065,3735.8018,3253.511,2583.4634,2551.0947,4223.6358,2662.9936,2896.1199,2835.2972,4079.8174,2832.1148,2083.8819
10:40,4968.327,3544.3893,2076.6717,2057.4791,5165.3269,3603.0048,2522.2863,2336.869,2764.514,2214.4418,2666.281,3450.8517,3254.4699,2905.0585,4294.3012,2998.2065,2990.3245,3317.161,2706.7584,2352.7346,3676.0991,3337.1331,2655.1299,2413.0015,4219.8316,2666.1871,2775.2704,2786.1402,3926.9687,2905.4085,2127.5101
10:45,4656.4406,3475.6044,2083.7594,1998.025,4488.4353,3633.7543,2362.6053,2457.7718,2752.628,2172.2022,2809.6746,3849.5786,3417.8004,2824.8634,4241.8381,2948.6898,3127.0928,3297.853,2762.7319,2162.3913,3611.4907,3329.3083,2711.345,2394.6927,4272.9439,2860.3947,2766.4569,2703.3021,3572.6573,2739.039,2079.3908
10:50,4539.6817,3501.3685,2097.5307,2004.1458,4489.3445,3744.2044,2558.072,2403.4557,2928.8083,2162.9119,2756.204,3694.7957,3417.5905,2828.4266,4233.7059,2782.595,3179.4386,3323.3352,2760.4805,2289.5984,3409.582,3388.5083,2617.9587,2493.575,4237.381,2908.0148,2731.3543,2718.3453,3389.8829,2790.6553,2115.141
10:55,4585.0769,3489.1199,2084.9554,2084.1649,4480.2403,3791.4355,2674.2388,2490.3625,2934.8112,2353.2536,2786.8653,3969.226,3412.6831,2816.3575,4117.2756,2873.3685,3043.5827,3467.1763,2570.0605,2357.2278,3491.764,3473.59,2731.9513,2545.7944,4241.4106,2798.9904,2622.7935,2812.5529,3323.8171,2801.0166,1979.9575
11:00,4518.5729,3316.6058,2102.8524,2028.522,4335.5768,3750.9085,2669.1128,2433.709,2870.614,2389.3511,2765.2152,3775.524,3392.763,2748.4026,4233.4714,2751.4396,3187.0995,3331.9329,2372.7886,2191.7586,3491.1518,3492.6111,2741.704,2571.4446,3999.4583,3036.1185,2584.814,2652.6344,3028.961,2764.4227,1999.6338
11:05,4511.8007,3489.6092,1947.9533,2024.745,4221.5164,3619.3658,2714.8549,2499.366,2883.9344,2307.8034,2874.8465,3729.8697,3350.5664,2769.1177,4116.3074,2694.8439,3258.4315,3303.7509,2496.6301,2295.3779,3574.7306,3364.923,2823.3071,2484.6631,4063.0406,3063.3221,2510.6066,2546.6512,2959.8865,2720.1633,2038.8644
11:10,4753.5391,3361.5839,1914.2293,2071.7238,4158.9177,3702.6436,2783.5023,2498.574,2771.1623,2332.791,2779.6145,3693.358,3365.932,2806.0452,4091.4486,2774.4506,3458.5465,3162.1026,2650.8804,2223.9815,3807.5408,3075.0223,2866.5122,2375.9106,4039.0792,3194.0512,2430.8901,2490.6666,2939.0826,2629.0387,1883.495
11:15,4448.0964,3601.2716,1965.9388,2167.2572,4219.9653,3500.0024,2784.3416,2495.5367,2751.4733,2342.6021,2661.2467,3825.2868,3386.0448,2794.1132,4079.744,2889.7003,3595.6373,3119.9927,2704.9672,2365.1274,3656.7116,3154.3196,2672.6122,2378.8941,4005.7597,3169.8424,2420.9187,2451.5432,2963.3113,2546.9148,1970.4872
11:20,4426.5811,3388.1927,2068.7974,2175.7101,4035.3159,3559.5624,2717.4401,2514.8401,2779.4243,2210.6439,2492.1219,3911.8824,2895.0904,2818.6688,4021.2363,2930.469,3103.9009,3236.2561,2611.833,2429.2724,3580.2877,3023.8709,2679.0111,2452.5308,3886.0947,2983.3274,2488.5882,2307.8658,3031.9583,2416.299,2053.7628
11:25,4470.4524,3578.8206,2082.7091,2227.0492,4047.0164,3539.6523,2894.7889,2475.8957,2864.2566,2203.8973,2595.011,3780.4493,2871.6563,2703.8139,3973.7037,2999.1517,2977.2798,3279.786,2474.8862,2274.0235,3644.229,2880.7109,2649.2736,2319.4463,3932.2463,3077.8879,2346.0489,2300.268,3096.3913,2462.0418,2056.2152
11:30,4361.375,3542.0697,1939.6538,2096.8121,3905.5173,3495.6197,2856.3035,2473.3385,2752.4737,2116.0352,2537.2525,3960.447,2705.1475,2719.9028,4204.1197,2953.7012,3161.06,3139.4466,2414.3923,2312.3332,3620.0223,2951.1295,2817.697,2262.9504,3925.7766,2990.146,2286.8656,2282.9103,3121.9641,2385.4812,1984.1342
11:35,4243.7464,3491.3502,1962.83,2119.5982,3864.3012,3142.2137,2754.8587,2614.526,2796.3925,2054.7219,2465.1272,3909.9297,2654.0826,2509.1179,4383.2577,2951.8177,3201.6521,3114.8867,2433.0285,2392.4545,3366.5655,2941.3682,2674.0421,2213.2179,3803.6556,2973.3199,2052.3625,2397.4941,3070.0547,2430.5654,2055.9709
11:40,4310.364,3396.2072,1921.9215,2092.2984,3949.783,3045.1699,2628.9694,2339.6819,2881.6668,2037.4013,2281.8264,3709.0531,2645.185,2422.595,4333.4349,2952.4317,3024.109,3117.103,2293.7661,2475.9734,3373.8479,2830.4073,2552.1814,2192.3457,3740.3412,2895.8547,2044.0204,2359.399,2989.8632,2526.0485,2032.8595
11:45,4362.7612,3255.1342,2146.9229,2043.1094,3920.4199,2907.9429,2683.9316,2277.8282,2891.6206,1995.7692,2291.9038,4703.7907,2504.9609,2256.3093,4233.399,2988.603,2867.7048,3012.6525,2238.178,2223.5103,3034.1441,2595.3023,2476.8107,2267.5704,3440.9703,2920.8149,1932.2133,2348.8781,2649.5664,2354.3897,2044.7985
11:50,4354.2392,3392.4005,2086.5146,2103.2776,3914.4864,2940.257,2554.9199,2328.9149,2884.2827,2103.0624,2224.1405,4732.1537,2292.0256,2160.6007,4108.2412,2887.9545,2961.3788,3037.0682,2218.9798,2049.7506,2786.1388,2670.1122,2245.3508,2458.55,3413.5656,2941.6226,1883.9539,2380.7915,2611.9207,2454.086,2056.9912
11:55,4331.5039,3426.2027,2089.8163,2096.4712,3835.8584,2844.2173,2281.508,2122.7466,2817.4568,2029.9336,2308.7128,4674.8828,2325.7864,2050.3845,3948.5016,2875.4361,3421.8305,2939.0933,2246.1272,2076.7978,2810.8105,2593.7244,2317.2521,2801.2716,3341.7172,2784.7799,1782.6397,2283.9074,2547.0181,2481.893,2048.8811
12:00,4126.9155,3350.6677,2007.9912,2189.5795,3943.2798,2702.4799,2344.3221,1985.5539,2607.3557,1940.5607,2245.9235,4708.9852,2330.3565,2147.3742,3895.1233,2951.3256,3043.9409,2885.6218,2410.371,2122.5858,2959.9268,2568.7285,2167.8983,2513.5438,3032.0391,2764.8841,1930.7735,2301.1662,2556.3207,2424.4862,2071.2687
12:05,4009.2449,3191.8015,1968.9511,2226.9799,3860.8708,2934.5005,2396.6123,2110.8533,2582.5783,1979.5901,2398.0578,4633.1428,2154.4387,2054.6882,4120.7183,2919.8363,3208.3074,2877.1925,2299.6078,2087.1113,2959.9458,2533.4719,2287.2204,2487.2015,2808.3186,2606.6447,1926.939,2212.0782,2716.5739,2616.2206,2143.5083
12:10,4069.0858,3054.8095,1991.6738,2188.3938,3871.9017,2896.9583,2407.3783,2109.6428,2323.4577,1997.0232,2464.6666,4743.9546,2298.3152,2058.1217,4088.4184,2895.641,3281.4265,2936.5375,2248.6368,2200.5095,2688.3081,2484.1112,2347.7715,2575.604,2814.4798,2565.445,2007.9215,2166.3975,2390.9872,2560.7674,2148.1449
12:15,3996.4952,3083.0884,2054.6058,2361.4141,3817.5274,2791.7714,2641.667,2152.4452,2401.499,1945.9064,2393.42,4788.0006,2122.6344,2041.2119,4023.4067,2649.048,3269.8245,2905.3823,2028.7822,2176.9541,2691.0912,2535.9704,2266.1135,2835.7476,2667.5849,2573.5406,1900.8231,2207.5998,2352.4079,2539,2187.5185
12:20,3919.7941,3311.9025,2049.6878,2103.2359,3798.9121,2826.6135,2748.3082,2151.4512,2400.5565,2051.2673,2187.1987,4557.1069,2163.3055,2005.4504,4141.7751,2579.0978,3283.0716,3078.6698,1949.0669,2120.0655,2904.1519,2510.3249,2275.2759,2631.3576,2747.9769,2509.6672,1803.1567,2242.5543,2357.1421,2616.447,2172.2435
12:25,4056.3611,3491.4409,2058.6999,2285.2684,3733.8198,2827.1027,2730.5429,2218.0703,2412.661,1947.5742,2220.1612,4445.2627,2181.1155,2036.9949,4147.9429,2611.8084,3203.9347,2930.6515,2086.9714,3210.4823,2959.8614,2279.6624,2258.5807,2322.3417,2762.0869,2586.3117,1936.7007,2206.992,2385.0514,2619.7119,2197.5669
12:30,4120.5215,3329.8906,2101.6406,2155.1292,3708.9254,2744.414,2517.9174,2272.4907,2369.7009,1878.8067,2223.7166,4402.9099,2232.5997,2015.2539,4202.7718,2701.8226,3359.2123,2925.4523,2064.0007,3377.7477,3082.2148,2218.0446,2340.1645,2336.8331,2783.7907,2542.9384,1895.3161,2244.5131,2469.8506,2652.8562,2238.9619
12:35,4223.1625,3431.8264,2137.9304,2427.3986,3898.5339,2809.2105,2446.1336,2229.5773,2316.1011,2025.8615,2452.9184,4287.2741,2279.714,2124.0382,4127.8485,2380.3993,3443.2733,3103.228,2287.9089,3436.6345,3018.8176,2340.1077,2382.9721,2569.6965,2798.2014,2531.4476,1908.5109,2156.5745,2519.7674,2579.5193,2113.0501
12:40,4313.4489,3596.3625,2086.2784,2490.1518,3919.3338,2937.5877,2399.0727,2338.0354,2322.336,2051.6038,2567.2842,4418.7371,2270.7014,2238.39,3844.1476,2129.4333,3280.2784,2992.7403,2274.0247,3373.2652,3206.4467,2263.2232,2255.0353,2503.6069,2788.9686,2430.0765,1991.0149,2162.4145,2538.3566,2556.9619,2056.771
12:45,4398.1533,3863.0291,2022.9648,2618.8992,4057.3243,3046.6922,2544.9562,2391.9498,2288.9056,2045.6967,2378.6806,4495.5497,2331.2841,2311.4613,3873.2419,2229.8572,3363.3943,2734.2244,2266.1616,3500.791,3338.4501,2440.3371,2166.5346,2497.8994,2819.8873,2598.4765,2035.9479,2525.8831,2704.0183,2314.7122,2229.1805
12:50,4393.9773,3742.5699,2114.3937,2384.4872,4058.101,3118.5729,2612.5498,2443.1906,2296.4212,1813.4734,2525.3663,4547.188,2352.4472,2330.9683,4135.7457,2323.2514,3155.4168,2876.9332,2215.4255,3333.9502,3278.7109,2568.7107,2329.6208,2399.7134,3001.8781,2729.3516,1950.1097,2393.2152,2739.3582,2327.4487,2148.26
12:55,4339.5679,3739.3126,2108.3914,2350.6297,3959.2195,3284.0051,2655.6771,2607.2627,2235.5768,1924.7354,2766.9314,4557.5856,2471.2011,2435.8611,4099.7496,2194.9247,3007.5213,2878.6111,2199.2496,3457.7466,3335.072,2544.0412,2471.8174,2473.0795,3096.6851,2760.6093,2167.8502,2472.694,2619.777,2250.6386,2169.0419
13:00,4260.5863,3893.3792,2147.745,2482.6942,3978.1646,3194.2228,2659.6952,2483.2889,2181.2733,1791.5837,2750.1938,4756.9185,2465.1347,2490.8561,4180.3968,2393.913,3203.1399,3006.2604,2336.5401,3565.1279,2985.5041,2628.8195,2477.7978,2479.6217,3088.7012,3052.1593,2210.7731,2521.5247,2585.2362,2361.1154,2189.9144
13:05,4030.7349,3837.815,2163.15,2594.0578,3981.843,3310.6111,2539.4983,2267.2208,2232.7444,1800.4978,2800.4079,4732.6947,2547.9805,2526.2967,4156.8894,3244.7482,3095.9874,3408.3812,2266.0149,3560.6516,3002.5356,2562.3883,2382.6089,2450.1391,3143.4832,3023.3258,2082.1484,2582.6735,2533.5454,2346.7302,2082.3886
13:10,4026.82,3874.6201,2069.6164,2639.6012,4084.3698,3486.9224,2499.709,2021.804,2328.9152,1729.0282,2947.2337,4874.0107,2615.9095,2535.483,4182.6069,3280.6956,3011.8828,3388.0855,2244.2409,3653.3958,2999.3994,2604.0103,2661.7217,2542.7319,3267.045,3175.4136,2120.3943,2455.4251,2483.11,2361.5763,2027.358
13:15,3821.8863,3936.4321,1945.5133,2755.8756,3935.5993,3349.7853,2388.6365,2061.747,2344.02,1781.0786,2809.7949,4933.2594,2593.9533,2592.5982,4208.0188,3333.2986,3158.6083,3085.9872,2377.6602,3555.8579,3078.0341,2703.437,2740.1173,2523.4006,3297.9926,3375.6709,2120.234,2553.5122,2599.7726,2259.9104,2084.5153
13:20,3837.2423,3886.6235,1767.2311,2573.2331,4023.2338,3326.9665,2456.5046,2085.4234,2531.7549,1828.0536,2744.4781,5033.4647,2442.1288,2543.161,4183.688,3604.5447,3168.0876,3178.6569,2535.2446,3728.0313,3140.876,2692.1658,2759.7979,2596.429,3232.398,3083.404,2028.1985,2613.0263,2541.461,2291.0829,2071.924
13:25,3878.5509,3861.7899,1777.7621,2436.9004,4043.5191,3393.4814,2578.6839,2064.9881,2737.4752,1900.3298,2661.1407,4961.1651,2766.6602,2597.5813,4198.6579,3985.2518,3060.053,3192.5382,2459.8076,3710.1511,3098.7693,2478.0052,2736.1422,2634.7806,3184.1676,2991.4071,2068.1235,2611.1608,2572.1109,2303.8322,2137.84
13:30,3842.3609,3857.3824,1738.2345,2436.4236,3954.0335,3313.4326,2506.5382,2123.3815,2505.0088,1867.7039,2750.0974,4800.6551,2873.145,2559.8461,4358.2762,3856.3618,3080.5902,3333.9816,2414.8726,3838.5149,3186.607,2470.2744,2978.079,2459.5376,3293.5493,2988.8229,2484.0828,2654.9662,2618.2259,2352.0818,2143.8475
13:35,3950.9518,3923.499,1795.8341,2567.446,4100.7892,3477.0478,2566.7022,2153.2266,2640.1119,2023.8285,2644.9649,4762.5171,2698.4271,2777.0179,4365.7534,3613.0364,3189.6729,3396.5777,2382.4026,3716.0145,3154.687,2528.7722,2828.8851,2590.3517,3353.6272,2955.7954,2201.7037,2550.2934,2507.0306,2296.1224,2136.7394
13:40,4116.2786,3920.82,1740.0299,2504.6865,4112.1305,3775.7237,2850.7521,2153.9914,2689.5664,2182.2695,2864.3237,4703.2776,2701.7469,2651.3084,4358.9005,3678.6964,3176.6515,3529.3914,2430.532,3650.0755,3288.2395,2689.2159,2795.159,2558.6039,3467.6435,3221.6909,2212.8668,2366.3613,2470.1692,2241.5191,2121.117
13:45,4136.2747,3815.3158,1709.8963,2573.0891,4095.7802,3738.1442,2657.0492,2302.9143,2842.2454,2158.8624,2765.5506,4285.3469,2774.9501,2810.1921,4347.4782,3878.7678,3186.5926,3465.1201,2493.0554,3802.4496,3303.8088,2573.5355,2577.1279,2618.229,3354.5596,2842.3371,2446.8887,2284.8762,2566.5555,2356.2775,2097.8259
13:50,4003.356,3837.9419,1688.8839,2588.4621,4093.5607,3570.3978,2844.9022,2242.0252,2744.6416,2194.6517,2680.1976,4177.58,2780.2277,2903.9519,4255.4725,4040.5286,3142.7383,3079.1914,2579.5128,3757.1866,3344.4225,2645.9822,2462.3569,2734.5733,3490.2593,2969.9225,2520.1643,2365.3821,2430.8601,2338.441,2108.8002
13:55,4046.4443,3763.7412,1784.9079,2731.939,3909.1308,3608.2669,2766.2311,2424.5495,2785.0584,2214.9363,2672.7772,4075.8775,2778.7164,2768.6612,4371.5651,3790.6272,3348.0139,3173.4752,2578.1259,3975.1261,3243.6492,2604.6483,2257.3052,2756.3643,3421.127,2977.6001,2569.6061,2355.7166,2518.398,2238.9756,2101.5614
14:00,4169.6302,3866.0989,1721.6261,2595.5782,4066.0747,3752.5405,2804.0922,2356.0399,2785.1486,2255.3172,2728.7712,4189.6872,2575.7485,2723.7522,4311.5473,3901.6953,3346.9168,3103.5881,2673.8687,3944.1753,3242.9781,2395.6199,2350.6543,2552.7079,3406.8316,3048.9602,2713.9415,2337.5208,2442.2957,2279.5568,2081.3324
14:05,4272.8398,3935.8828,1641.1617,2771.7216,4095.9332,3660.7492,2910.262,2435.943,2773.974,2211.6825,2458.4972,4111.1614,2649.1228,2641.6862,4325.2618,3915.99,3157.0103,3291.5059,2639.0374,3746.2406,3230.3788,2458.535,2251.3983,2259.0627,3307.5421,3026.7403,2711.9896,2259.3875,2554.1393,2272.4865,2075.7831
14:10,4266.8355,3870.7086,1768.6287,2708.795,4148.1425,3568.0902,3156.9177,2656.7834,2817.5006,2186.915,2608.9425,4254.7623,2663.1624,2784.9307,4428.1783,3951.6123,3069.1255,3590.5079,2752.9979,3795.8221,3108.4598,2496.5171,2164.2868,2333.6287,3415.8158,3109.0491,2691.4231,2174.3706,2903.4674,2290.7572,2119.6726
14:15,4514.7629,3937.0216,1575.6477,2751.4046,4191.9922,3624.2576,3386.296,2627.1767,2771.8466,2211.8014,2595.1511,4326.0887,2805.5515,2853.7085,4453.4558,3885.8032,3163.6477,3420.3881,2559.0409,3642.4936,3231.4894,2381.2924,2292.4663,2225.3233,3245.6398,3084.1767,2753.7891,2101.3103,2965.3244,2188.6985,2164.6096
14:20,4548.0369,3904.0285,1661.6267,2642.1512,4101.1137,3617.2121,3353.0213,2820.522,2928.1908,2186.5617,2773.0998,4375.2069,2683.1602,2685.8285,4420.2822,3841.3733,2978.5167,3454.3145,2526.6749,3713.0741,3066.2516,2504.0565,2372.7574,2211.1453,3356.7159,2958.9989,2707.0406,2089.3112,2935.1714,2248.5218,2030.0373
14:25,4760.3016,3937.8404,1845.9615,2347.6754,3841.3342,3613.1626,3404.3347,2724.2735,2859.8698,2162.7502,2675.7104,4593.5973,2524.6025,2728.7411,4695.6568,3801.2795,3014.6052,3512.3169,2557.9255,3703.9978,2772.659,2508.3627,2235.7878,2162.632,3283.2198,2856.2582,2732.0402,2057.7218,2847.7364,2201.2999,2113.6203
14:30,4345.9264,3971.5092,1657.728,2347.6145,3892.7947,3244.8899,3223.3317,2809.2835,2758.7699,2058.973,2546.898,4609.4148,2436.0555,2656.3047,4645.4746,3982.6566,2617.6967,3502.4272,2690.6381,3554.7494,2759.2864,2704.5241,2297.6794,2052.6216,3379.3079,2887.373,2625.0283,2078.273,2633.5019,2157.5164,1993.9614
14:35,4361.9208,3750.7411,1702.134,2412.4487,3975.3348,3253.476,3350.1947,2853.903,2867.2094,2156.8428,2661.1393,4727.0049,2382.1917,2580.6911,4810.1323,4034.4498,2601.6631,3479.9416,2727.2581,3599.874,2577.7703,2610.9186,2255.1488,2104.1015,3355.1635,3034.1904,2629.1652,2079.1578,2782.612,2133.5692,1952.4224
14:40,4366.3716,3694.0153,1695.4652,2371.7758,3885.2523,3369.4441,3481.7926,2881.7173,2907.9515,2254.3312,2606.7762,4739.2213,2565.3137,2629.8658,4989.8716,3932.9772,2606.9865,3645.7473,2704.2176,3602.964,2876.6125,2622.4147,2280.1132,2027.7597,3419.7859,3050.9945,2395.6079,2047.0384,2989.5507,2209.4531,2017.3769
14:45,4354.4256,3578.4907,1735.7466,2374.8355,3916.9091,3334.8735,3240.1205,2839.2485,3032.9043,2203.4711,2505.9566,4853.6356,2519.5226,2328.3523,5072.7401,3950.1809,2507.7385,3639.4528,2712.1267,3638.2653,2845.8433,2730.8064,2311.8517,2099.2861,3321.665,3192.3362,2338.979,1954.1566,2995.5303,2217.2627,1999.3723
14:50,4443.0869,3523.4714,1768.4304,2442.3721,3534.9905,3357.2488,3326.0084,2869.9996,3011.6381,2199.8961,2456.5008,4696.5589,2595.7305,2375.3274,5128.6963,4224.8589,2645.4531,3542.8166,2628.9412,3569.8695,2745.3859,2742.6266,2323.3398,2165.4701,3269.5395,3151.2999,2343.3668,1793.1765,3045.4988,2206.5724,1985.8365
14:55,4449.4276,3633.4414,1748.3164,2484.313,3570.0024,3485.9944,3268.1864,2907.6781,3205.0178,2101.651,2408.3704,4874.4036,2795.0327,2377.3213,5103.9838,4149.9863,2671.5277,3528.3298,2558.4428,3653.1589,2784.6511,2768.1988,2365.315,2270.8613,3210.0978,3211.9935,2174.8996,1789.1703,3093.5525,2220.6618,2000.0102
15:00,4098.9517,3500.5434,1781.4393,2509.0221,3570.1375,3438.1023,3195.1631,2991.4149,3018.5803,1978.7278,2516.7414,4738.4074,2695.5942,2445.1657,5161.9733,4158.245,2608.9733,3673.5545,2480.2407,3645.9443,2884.1488,2637.693,2469.5872,2328.7392,3242.3544,3093.5353,2161.5975,1889.5375,3183.0906,2283.4372,2093.1158
15:05,3935.5126,3662.7734,1724.4869,2425.6743,3585.5238,3478.1187,2955.4358,3223.1907,3109.5944,1981.2516,2470.5745,4839.8937,2602.4177,2602.1866,5187.9085,4336.9126,2614.7619,3544.832,2537.4771,3705.151,2992.4684,2652.1901,2450.8761,2473.4394,3007.7469,3066.3832,2257.1937,1797.6186,3170.9096,2291.1782,1958.9993
15:10,3885.8135,3710.1189,1738.1093,2431.2392,3621.3843,3520.7194,3044.8459,3178.5079,2975.0629,1989.5837,2551.8153,4878.6978,2889.2979,2513.1043,4718.0528,4400.4867,2696.6779,3549.8345,2538.5165,3794.6736,2809.4779,2626.6311,2350.4932,2614.8199,2954.8005,2933.58,2275.932,1678.7441,3077.8874,2328.0973,1982.0594
15:15,3912.6388,3523.8442,1667.6045,2354.75,3646.4437,3432.699,3022.9602,3206.1381,3078.7711,1738.2599,2669.658,4760.0844,2756.7321,2516.1147,4716.5905,4457.9679,2672.4081,3367.789,2752.0976,3622.7759,3003.4187,2474.4625,2635.2134,2630.2433,3012.2709,2764.0928,2084.3776,1838.5778,2942.18,2362.0302,2079.2218
15:20,3881.9612,3584.8759,1692.4587,2252.7881,3574.3736,3472.0906,3115.0712,3129.8268,2599.344,1649.1522,2573.7696,4763.5132,2716.784,2694.9205,4572.7501,4435.2881,2709.2836,3476.2764,2678.6545,3601.7541,2969.0224,2499.406,2684.9856,2681.0802,3080.6719,2754.8957,2090.0788,1765.8743,2988.8383,2394.3161,2037.3909
15:25,3925.4225,3612.7225,1722.2582,2299.0288,3510.38,3405.123,2911.6667,3185.6794,2382.9389,1661.0572,2605.4099,4801.5229,2738.0496,2558.6528,4509.1392,4429.8632,2544.6212,3370.6941,2591.2075,3669.3029,2928.8544,2614.747,2551.2271,2533.5303,2037.8147,2668.0639,2145.8532,1921.4134,3039.0415,2447.398,2057.4678
15:30,3946.068,3571.8209,1770.4248,2236.6628,3549.4828,3511.0867,2981.8791,3212.3899,2426.534,1614.187,2707.8764,4896.2713,2864.7905,2571.835,4438.4443,4501.8911,2473.1989,3337.1103,2491.1537,3715.7095,2780.8177,2632.7467,2684.2918,2630.0473,2016.0593,2569.9935,2217.5605,1979.3708,3053.9405,2492.7846,2054.5973
15:35,3742.6829,3578.9752,1668.7366,2235.7893,3491.3101,3565.2745,2886.2154,2906.9678,2420.1693,1690.0176,3180.87,4912.3285,3069.9025,2579.2937,4646.576,4373.1354,2251.6078,3287.2384,2366.3353,3793.0451,2783.114,2426.3575,2735.891,2710.8205,1964.117,2589.8039,2194.8692,1943.3425,2971.2566,2368.9508,2050.9403
15:40,3761.9088,3485.6668,1539.8263,2241.2635,3584.2944,3614.804,2873.0819,2748.8226,2392.6534,1572.7191,3094.5116,4823.8781,3099.6435,2950.8557,4661.7462,4420.8885,2134.2184,3172.8195,2518.3626,3746.8209,2702.6521,2579.1088,2618.7269,2753.8249,2031.3961,2642.0672,2044.4466,1953.7489,2792.9904,2456.3717,2004.1826
15:45,3565.9663,3524.9826,1429.0161,2203.4308,3533.2936,3602.8587,2876.1694,2728.864,2444.0293,1754.5621,2995.6045,4718.7688,2820.8457,2762.4179,4808.8291,4511.3254,2323.2003,3283.1674,2497.4198,3702.0013,2842.8051,2594.911,2567.0959,2655.0158,1938.4328,2566.3719,1890.0131,1934.642,2843.6205,2101.9179,1977.0175
15:50,3753.5141,3526.5574,1574.3957,2374.7537,3663.6545,3395.0694,2796.4425,2687.1626,2376.3631,1745.7176,2813.9994,4692.9128,2824.56,2454.2946,4855.0047,4475.4248,2420.8297,2931.7931,2524.3471,3641.2442,2992.1668,2550.9133,2593.9712,2780.9213,2024.1691,2555.9213,1913.5895,1889.254,2779.3605,1994.6633,2042.65
15:55,3614.6578,3318.3685,1418.9043,2476.1543,3549.9191,3320.9223,2772.0247,2573.4085,2408.0012,1727.7853,2900.7718,4541.8045,2925.5719,2431.8831,4691.7412,4422.573,2491.4515,2966.5094,2544.4162,3554.4016,3076.6334,2670.1896,2575.8024,2851.7878,1947.9014,2609.4442,2094.0916,1743.068,2760.4496,2087.2517,2036.4361
16:00,3934.4073,3375.8629,1451.2239,2445.7266,3570.9393,3303.5226,2755.9716,2672.8272,2367.7882,1957.3817,2935.6058,4439.1098,2899.6311,2753.7076,4602.7998,4404.7988,2629.4229,3137.1456,2522.4009,3504.0487,2981.4386,2595.55,2693.3503,2898.8317,1709.8286,2407.3617,2071.7014,1719.741,2479.3965,2123.8767,2036.0335
16:05,3631.335,3389.1544,1469.9288,2469.7906,3513.19,3372.8356,2653.6941,2610.0966,2318.2274,1995.5512,2905.4377,4699.9237,2827.0937,2493.6283,4707.2943,4351.5814,2596.6821,2951.8963,2534.5606,3735.0392,3016.1699,2703.4554,2867.3614,2786.5032,1744.559,2501.6061,2132.4498,1599.2282,2729.9338,1989.9266,2084.2331
16:10,3666.0465,3452.3779,1336.8509,2360.4624,3397.9772,3266.2088,2619.8563,2759.0767,2245.8679,1939.7684,2873.9408,4517.4457,2800.3661,2511.1979,4526.4572,4057.4045,2653.9404,3156.1386,2452.3972,3793.1606,2934.6309,2669.2796,2766.3112,2758.2128,1683.1266,2542.7816,2073.7138,1596.6823,2626.4677,2042.5823,2052.7089
16:15,3620.2871,3350.2142,1458.3217,2325.647,3290.2009,3276.9,2463.7314,2580.727,2464.5139,2129.2183,2936.5775,4511.1289,2781.4126,2496.3335,4472.596,4166.4037,2704.024,2973.3007,2360.8635,3634.6478,2734.2078,2677.6391,2777.0789,2780.2555,1722.5687,2649.2446,2067.8954,1664.397,2786.3192,2047.5666,1962.8512
16:20,3836.7188,3408.849,1438.2711,2375.384,3326.7959,3185.3284,2474.8003,2691.963,2088.2302,1894.1245,2967.2022,4452.4235,2901.1961,2369.2113,4555.5514,4228.3891,2714.4965,3258.2761,2350.6253,3488.7914,2643.963,2670.2077,2678.1623,2689.0844,1920.105,2608.2184,2037.8088,1645.6446,2997.3083,1983.6369,2070.0833
16:25,3675.8157,3318.286,1375.3876,2360.1297,3306.8438,3003.3005,2541.682,2568.5335,2032.6513,1842.4576,2913.1875,4428.8405,2752.4727,2516.0892,4478.1264,4088.9521,2499.2932,3290.6393,2536.2892,3493.5103,2563.7934,2419.4026,2527.618,2636.1206,1849.6952,2516.0556,2167.6197,1696.9749,3324.4967,2048.1791,2068.6936
16:30,3726.1234,3312.2445,1356.3417,3718.8792,3364.9886,2936.1043,2495.141,2457.6889,2102.2389,2010.3572,2926.6253,4415.3838,2857.3415,2522.5681,4538.4527,4171.2592,2425.4787,3285.7307,2490.7775,3480.7621,2647.4356,2490.1554,2562.0801,2411.6182,1722.8868,2630.2804,1931.2532,1662.285,2803.8033,2093.3299,2051.6374
16:35,3469.596,3410.3243,1474.3165,3855.1,3396.6287,2895.0952,2642.9242,2308.3793,2274.9168,2027.7749,2885.6942,4452.6617,2783.7745,2589.7481,4411.9804,4252.1849,2530.7652,3367.8315,2484.5209,3621.5775,2764.1163,2537.5831,2516.9499,2410.3179,1829.3294,2510.143,2039.3491,1634.8168,2866.5035,2092.9926,2069.6889
16:40,3313.7923,3384.7501,1459.6551,3816.3167,3348.5473,2938.0959,2578.0049,2351.2623,2240.4919,2081.9024,2890.5539,4382.7084,2739.4581,2555.9624,4237.6085,4175.8158,2758.1733,3221.1426,2610.0491,3695.6964,2826.6755,2456.4814,2469.9932,2452.5414,1816.359,2506.2182,1909.1545,1551.4132,3063.1707,2075.5237,1919.4195
16:45,3350.7138,3376.6262,1400.2496,3703.9117,3362.4729,2914.7384,2710.3898,2278.2419,2228.0188,2134.8123,2840.4935,4375.7024,2789.3699,2825.1434,4177.125,4166.83,2643.6007,3517.2109,2390.3164,3473.6735,3006.5688,2531.5766,2503.2309,2319.0527,1893.7089,2564.8013,1910.9914,1457.65,3044.8869,2066.1785,1955.4286
16:50,3395.0897,3377.931,1339.5037,3621.005,3268.9995,2973.7587,2635.9931,2305.2114,2368.1184,2069.3801,2702.4856,4349.3245,2725.5619,2660.2422,3998.4793,3948.0839,2322.6133,3455.9214,2309.657,3581.1224,2710.8819,2631.9337,2315.5431,2349.6463,1792.0374,2712.9752,1790.3177,1417.0405,3211.7091,2154.4869,2012.0622
16:55,3245.0073,3329.197,1374.0799,3600.9706,3358.7262,3032.3934,2696.1396,2267.0287,2392.2161,2047.5702,2708.6068,4371.824,2519.5589,2812.477,3677.6927,3887.2239,2483.5012,3183.0031,2419.6021,3520.1476,2850.8211,2576.2797,2356.1714,2272.6312,1914.9827,2587.8945,1760.3765,1442.7719,3328.2755,2136.5385,1913.664
17:00,3255.4174,3320.8506,1336.6784,3569.237,3364.6446,3157.829,2606.9809,2282.8632,2397.0561,1917.1472,2622.3649,4271.6071,2326.2524,2465.9783,3674.055,3840.9034,2420.3401,3113.0252,2472.6456,3411.9052,2762.7481,2586.4828,2381.9373,2319.579,1807.0232,2712.5127,1758.0273,1376.492,3652.217,2119.1066,1936.7269
17:05,3407.1723,3307.731,1393.1071,3576.1089,3363.3115,3232.0354,2298.5425,2175.8724,2617.3864,1924.7646,2703.6718,4159.3665,2212.819,2526.4386,3685.2214,3726.7323,2433.5483,3191.7857,2505.7007,3479.3495,2745.2461,2607.0333,2411.6151,2199.8503,1878.1101,2675.5033,1733.0907,1423.3315,3469.1339,2036.6429,1971.9502
17:10,3360.8782,3226.5566,1421.0753,3572.8153,3334.7459,3105.5969,2241.0904,2231.1559,2377.0806,1897.5962,2779.1398,4235.144,2310.9532,2194.215,3528.7536,3614.8309,2317.4331,3351.8739,2596.2571,3576.5005,2766.5113,2707.9339,2462.0963,2373.9692,1976.6305,2685.1171,1656.6977,1454.5477,3400.2913,1951.6871,1903.8526
17:15,3387.8074,3316.6204,1404.0452,3431.7881,3270.1176,3166.8132,2289.6826,2232.7854,2358.1525,1766.0303,2667.7192,4023.272,2225.0151,2512.6789,3756.5077,3556.8734,2013.779,3350.3179,2326.8954,3505.2883,2691.4333,2616.2728,2309.121,3356.3221,1925.0091,2611.3608,1737.8872,1663.4217,3492.8828,1863.2464,1951.9796
17:20,3521.5836,3171.2256,1379.1879,3500.2074,3276.3711,3164.8342,2279.2427,2164.8532,2494.0913,1751.6447,2745.0483,3997.5002,2250.6144,2562.6867,3762.9218,3341.2795,1862.5204,3364.981,2294.1473,3763.1701,2799.8584,2646.3761,2321.1886,3545.1844,1619.5942,2631.5336,1746.9439,1330.7063,3693.9233,2052.3375,1896.8985
17:25,3271.2864,3155.4427,1364.0427,3499.7648,3275.9842,3177.1104,2274.6431,2329.5421,2341.3618,1813.6109,2670.2375,4178.5039,2161.7014,2526.4262,3654.4763,3352.5252,1933.2771,3512.8865,2413.9351,3771.1295,2559.3345,2439.6038,2165.8085,3463.8548,1691.0272,2418.3199,1739.2348,1507.3651,3554.5642,1974.0676,1854.4961
17:30,3307.1653,3123.2695,1463.7874,3523.3833,3288.4867,3208.0804,2446.6253,2294.1074,2403.6428,1921.6386,2596.0987,4489.1287,2085.1008,2564.5593,3898.8934,3461.7558,1913.6997,3288.3228,2312.2998,3802.8347,2450.7625,2496.9961,2076.8309,3594.8118,1635.1385,2484.2644,1691.9874,1505.0367,3800.6004,1965.7973,1895.9847
17:35,3217.5101,3148.1992,1466.7697,3643.5855,3272.3293,3204.1838,2477.1353,2291.8481,2549.9496,1879.0056,2487.2426,4276.3478,2042.2096,2467.7616,3818.8983,3347.307,1985.5028,3298.4649,2553.1756,3820.8876,2709.892,2417.2431,2069.6614,3446.9216,1670.0779,2398.7379,1815.7523,1470.739,3829.8479,2008.1435,1785.1502
17:40,3391.824,3055.6441,1493.8017,3784.3288,3191.0346,3300.1336,2419.4273,2412.1426,2245.0365,1778.6812,2237.2852,4353.1736,2022.2611,2525.3998,3908.2388,3487.4745,1939.9715,3314.5583,2450.2971,3717.6097,2565.3739,2413.2998,2018.0971,3517.8995,1640.4284,2362.9666,1758.5289,1559.3021,3654.4485,1912.6679,1818.4605
17:45,3348.335,2972.5067,1456.0251,3684.238,3300.7267,3362.1097,2348.7124,2011.3286,2329.3081,1849.0279,2069.6715,4457.671,1954.663,2618.7302,3923.318,3688.0197,1724.306,3296.7117,2441.6233,4014.502,2396.6941,2379.2914,2096.745,3516.6736,1775.0541,2461.2513,1806.4841,1702.7517,3750.4984,1904.3535,1860.9521
17:50,3279.0519,3147.788,1440.7188,3705.1389,3280.8869,3374.1203,2305.2397,1951.5583,2245.7066,1915.452,1973.7626,4531.7235,2015.4261,2672.8227,3732.7582,3495.9332,1855.9832,3288.4853,2388.4444,3987.7962,2519.7784,2263.6952,2146.8898,3441.1953,1779.3063,2375.2436,1731.968,1532.7471,3816.6535,1970.3922,1777.2159
17:55,3354.5439,3028.0054,1485.5108,3811.8401,3208.7626,3465.3453,2400.6465,2065.0887,2319.0795,2020.2758,2083.7692,4432.5182,1943.519,2525.8704,3811.4533,3441.0434,1696.0333,3178.3531,2354.5882,4103.974,2554.3208,2327.7997,2183.0785,3361.7916,1676.1868,2543.2632,1878.2652,1680.6907,3700.5426,1909.3515,1721.5131
18:00,3488.5036,3048.2837,1478.2974,3703.0531,3248.9096,3437.6228,2322.0818,2053.7612,2209.9546,1879.6743,1998.8741,4528.299,2089.8457,2487.5058,3722.6903,3387.7665,1731.0701,3230.9071,2278.8374,3989.1336,2537.199,2256.183,2236.6061,3597.7076,1653.9332,2356.792,1813.9723,1592.2369,3618.7514,1901.6696,1734.8104
18:05,3614.9297,3202.0066,1476.6936,3714.1746,3299.4731,3417.1836,2421.9978,2040.2514,2298.3702,1879.4657,2051.8325,4538.1997,2210.6139,2483.2749,3832.5642,3499.0523,1758.0276,3186.484,2333.4511,3762.5098,2460.8185,2242.5627,2141.0725,3545.9224,1795.7947,2315.9438,1930.1917,1587.9116,3660.9542,1895.0136,1717.1948
18:10,3632.959,3257.7294,1515.4913,3720.1716,3317.6807,3242.4613,2407.3068,2003.1095,2329.78,1893.6029,2051.7362,4411.2214,2434.4432,2502.7875,3855.6164,3420.3891,1650.5106,3302.3991,2311.3284,3599.1975,2431.8353,2052.5574,2256.5252,3450.5385,1713.2184,2373.6313,1931.8139,1779.1368,3717.5368,1965.015,1732.7502
18:15,3620.8773,3177.2604,1473.2514,3787.3677,3378.0975,3318.0297,2409.3155,1949.6802,2297.7433,1894.0903,1950.1511,4316.5675,2387.9081,2443.3018,3945.6817,3335.1489,1625.2593,3260.9083,2324.5126,3573.5145,2369.3664,2151.5701,2411.9439,2995.3128,1719.1778,2333.3691,1915.2012,1637.8718,3705.2213,1900.2154,1883.0365
18:20,3610.1513,3230.171,1501.027,3814.1449,3390.8962,3229.7813,2518.1474,1961.1125,2207.8621,1937.1042,1956.3345,4302.8969,2212.8572,2372.143,4032.8367,3381.6945,1340.6482,3222.3549,2296.3289,3717.7408,2041.1397,2104.1678,2006.0384,3001.5739,1818.4517,2298.6488,1851.7896,1664.3949,3760.3243,1900.2949,1965.181
18:25,3206.1543,3162.1431,1474.914,3695.1392,3469.8849,3424.1838,2388.7978,2003.2905,2171.7287,1919.0859,1928.056,4336.3879,2192.6208,2458.6266,3944.7998,3380.5421,1277.6043,3576.2617,2476.3305,3681.5368,1990.1111,2078.6129,2239.3388,2913.9702,1820.7734,2384.2314,1945.2888,1676.7796,3453.2265,1986.6187,2006.0574
18:30,3306.0456,3255.95,1508.5403,3755.3656,3340.9553,3437.1348,2305.4942,1836.8023,2101.397,1975.6491,1920.8466,4244.037,2083.3133,2537.796,3933.205,3407.5792,1259.2531,3106.0268,2443.0416,3481.9023,2041.7265,2115.7012,2244.1017,2835.7351,1916.8975,2476.9451,1919.526,1726.7625,3388.599,1953.8864,1929.1681
18:35,2973.5851,3191.3048,1694.6126,3800.046,3343.4126,3262.7032,2318.3966,1974.2255,2049.4057,2050.9023,2023.7847,4367.8633,2020.235,2602.9325,3963.7291,3503.4097,1381.8359,3060.0924,2433.1387,3492.8785,1974.8577,2098.4453,2327.9123,2814.9882,1831.8058,2372.1607,1968.8621,1757.1494,3372.6078,1882.884,1884.8441
18:40,2952.1578,3193.1677,1662.4561,3845.6292,3376.8342,3212.058,2306.9208,2030.7065,2111.1739,2110.4659,1969.7745,4551.1766,1931.1701,2648.6188,3988.994,3359.0781,1382.7466,3254.4449,2578.2492,3434.4525,2149.4581,2072.5497,2344.6561,2741.5993,1981.0979,2553.7019,2244.4268,1704.2441,3260.0007,1897.7488,1871.2664
18:45,3021.5756,3351.3454,1537.0978,3848.4955,3267.3009,3108.8571,2458.98,2063.9529,1944.5938,2073.5625,2005.576,4341.5844,2047.3613,2655.6898,3946.3843,3231.4943,1304.3902,3184.0462,2568.4264,3574.4228,2021.4659,2025.6303,2477.3344,2756.8824,1880.6342,2621.8246,2018.5787,1720.9504,3354.873,1851.7237,1816.0074
18:50,2983.2375,3047.2017,1570.2274,3918.1373,3226.0252,3263.9116,2480.7848,2067.1199,2058.0342,2084.5335,1989.217,4178.8899,2082.9044,2512.3144,4004.5598,3199.3631,1238.451,3091.2983,2631.7471,3618.0638,2039.3335,2205.4301,2410.6783,2769.0697,1933.5474,2632.5573,1923.0382,1792.7919,3427.2584,1821.4341,1790.4924
18:55,3021.5852,3153.5137,1546.6896,4041.1239,3323.9077,3200.0848,2524.3276,2069.7661,2051.1131,2188.2556,1937.3505,4018.1088,1989.452,2411.033,3933.4812,3293.0185,1355.0755,2985.139,2749.8768,3583.8409,2005.0609,2253.7557,2423.3731,2822.6557,1930.2832,2732.2264,1904.5935,1743.1768,3366.3037,1838.5506,1811.0388
19:00,3036.2032,3011.3934,1497.8816,4003.4483,3247.7394,3153.2022,2450.1103,2078.7254,2089.507,2174.8857,1856.0807,4193.0405,2019.6822,2523.0161,3691.1517,3376.585,1522.6613,2907.6519,2695.3218,3587.1461,2060.68,2265.3465,2438.9621,2738.1335,1754.4528,2988.0424,1877.911,1842.5889,3322.0263,1905.2872,1705.2963
19:05,2905.5642,2861.9186,1653.9747,3889.855,3163.5269,3100.9557,2455.2771,2132.7844,2022.7493,2172.955,2005.0514,4249.2023,2003.8578,2536.0195,3670.547,3263.6501,1434.3659,2824.3519,2673.0615,3490.3492,2055.1429,2480.5763,2512.0418,2613.4219,1899.495,3032.8604,1977.4234,1807.0897,3204.3218,1980.2362,1721.0428
19:10,3077.9922,2908.7906,1651.399,3929.5471,3130.8364,3029.7782,2473.0759,2059.6564,2031.6049,1711.6759,2160.4413,4392.7629,2001.5581,2544.477,3587.9789,3291.7625,1426.9839,2921.9116,2708.9273,3732.9803,1968.3518,2485.5236,2570.9158,2700.6402,1829.7679,2912.8401,2007.0729,1842.4185,3212.9214,1917.6634,1720.0367
19:15,3053.2536,2896.0569,1620.6034,3910.5827,3118.8575,3198.7431,2438.4203,2078.941,1998.2118,1715.0287,2636.19,3968.9057,2040.0346,2582.0756,3530.0649,3268.8222,1501.9898,2904.8085,2777.1099,3499.6482,1991.1479,2520.8506,2564.1187,2780.84,1817.9402,2685.0353,2168.6434,1893.9477,3051.5129,2094.1903,1708.1566
19:20,2946.6557,3093.7308,1491.7188,4033.6096,3128.1999,3214.8276,2554.9688,2155.3553,2056.182,1806.2928,2704.9529,3817.0256,2084.1425,2465.473,3551.6536,3205.1418,1501.1482,2939.7738,2812.1873,3580.7395,2015.9156,2463.7567,2531.5067,2778.6655,1846.9448,2790.0093,1962.592,1949.7331,3135.8853,1996.7897,1724.96
19:25,2892.0605,3184.5517,1357.2845,4007.573,3022.0966,3211.1038,2733.3807,2088.0286,2065.0297,1835.4137,2759.3654,3946.4702,2148.6324,2467.8084,3920.9145,3291.4633,1591.0095,3018.5066,2810.7554,3636.0234,2030.6243,2389.8802,2440.3088,2720.3858,1942.3071,2599.2793,1933.4345,1881.4958,3142.1477,1989.4963,1713.338
19:30,2928.3406,2964.9544,1368.3619,3796.6638,3033.9862,3490.2963,2686.323,2273.7121,2018.7474,1743.474,2744.4045,3990.0956,2052.9288,2351.0385,3615.133,3193.7694,1628.9761,2877.3224,2667.3788,3541.921,2012.8539,2543.8972,2412.7522,2715.3489,1731.9802,2670.4771,1975.4069,1979.373,3151.852,2111.7596,1704.9676
19:35,2944.6789,2920.9669,1397.6056,3782.2324,3009.0036,3365.7903,2729.1308,2284.1791,1979.9306,1864.3631,2859.6031,2186.8837,2039.3088,2508.2266,3515.8607,3039.7146,1721.1208,3050.6635,2930.6378,3491.3621,2139.0274,2597.8995,2343.997,3092.8356,2462.7202,2647.6263,2044.0669,1946.6651,3255.1366,2001.8842,1666.3719
19:40,2985.7559,2982.3892,1627.3038,3673.3967,2965.5451,3439.6669,2612.0048,2234.6755,1941.3563,2059.1907,2795.4361,2099.408,2027.3436,2310.2333,3661.228,3012.4111,1582.7148,3126.7209,2934.0707,3583.2053,1998.8275,2530.3248,2344.8726,2873.0846,2026.8247,2632.7081,2047.2069,1980.3613,3295.6457,1982.8696,1755.669
19:45,3007.3997,3037.1891,1823.3044,3637.4788,3095.4662,3406.0099,2664.0869,2284.669,1933.0771,1989.4477,2684.3598,2161.995,2003.578,2414.4101,3755.8205,3222.5501,1651.7827,3155.359,2952.1729,3653.8659,2049.1148,2796.033,2341.9383,3096.137,1983.9571,2580.3731,2114.602,1952.1787,3240.5635,2108.9799,1775.2087
19:50,2892.6876,3265.1332,1789.368,3701.8283,2984.0292,3355.9715,2707.3185,2347.4916,1918.2831,1991.4326,2820.0568,2154.6684,2039.5147,2361.881,3545.5489,3265.9768,1780.9142,3126.2125,2842.4445,3678.9047,2119.8823,2791.183,2261.5795,3019.6822,1995.7721,2565.5285,1971.9513,2046.0774,3178.7832,2109.3992,1804.7668
19:55,2962.2408,2987.1006,1834.4869,3712.7695,3069.1983,3389.6517,2683.6154,2477.8875,1752.5656,1975.0355,2866.4076,2223.9282,2003.2542,2356.4176,3627.0327,3223.7663,1846.3367,3219.6832,2691.4834,3577.5999,2072.7714,2730.851,2212.328,2851.1972,2412.6129,2674.9512,2001.2471,2028.4217,3273.4702,2121.0735,1715.8808
20:00,3073.8509,3143.5941,1719.9868,3583.0736,3035.8179,3381.1578,2806.9253,2548.9879,1721.3609,2013.3302,2909.9537,1957.842,2110.6086,2502.0427,3721.5322,3225.8,1760.875,3100.4991,2785.8665,3657.3618,2094.1725,2527.5661,2245.4397,3026.4847,2177.8942,2696.7903,2014.2611,2454.7094,3291.6271,2252.3812,1656.0735
20:05,3004.3219,3231.2731,1903.043,3626.2944,2985.3476,2927.6275,2784.547,2433.7308,1728.9155,1968.6356,2996.4896,2099.3506,2328.1954,2585.7142,3655.9743,3390.8291,1854.7499,3177.1609,2808.5482,3657.3491,1978.0346,2509.0822,2301.7942,3076.6396,2450.8326,2691.1397,2090.3604,2551.1396,3441.1299,2338.624,1636.4141
20:10,2834.1825,3131.6935,1839.2009,3654.0533,3300.763,2837.4325,2147.2374,2563.3925,1690.4965,1966.6657,3012.2844,2482.4823,2262.879,2601.8813,3607.6983,3461.1275,1752.4102,3365.9227,2736.8622,3606.4952,1850.2648,2528.2222,2044.7569,3098.7673,2446.8244,2580.1705,2054.949,2485.7492,3339.3392,2201.1981,1675.4993
20:15,2971.8513,3445.2741,2057.9667,3847.0734,2905.0133,2912.9428,2140.1376,2632.459,1754.7826,1996.0589,2976.8239,2003.4863,2297.7829,2688.289,3945.9978,3358.358,1857.7274,3370.0395,2925.5788,3703.4294,1986.8768,2624.272,2202.9956,3079.7529,2455.4387,2739.3843,1997.42,2530.7129,3292.7247,2224.2003,1653.4636
20:20,2965.6512,3149.8969,1992.9871,3657.59,2875.0462,2965.4148,1959.4153,2644.201,1713.4175,2127.3685,2918.9923,1978.1043,2586.4039,2520.3765,3952.5964,3329.7431,1811.7659,3264.5205,2517.3741,3811.2388,2005.9727,2604.7388,2148.8886,3146.5036,2345.0535,2774.776,2052.7787,2525.1117,3248.2466,2233.6047,1685.4602
20:25,3008.0869,3385.139,1920.1344,3535.6201,2889.9957,3025.1045,2022.6961,2543.1403,1716.3037,2305.4234,3012.0217,2082.34,2222.1754,2543.856,3809.551,3256.9918,1838.2509,3390.8831,2662.8846,3842.7848,2050.6928,2797.298,2216.7221,3190.2718,1995.5618,2744.8089,2179.4112,2468.1825,3307.163,2010.312,1723.9228
20:30,2963.5167,3102.2886,1753.1739,3535.3641,3179.631,3079.5972,1925.3716,2524.7176,1678.3497,2190.9208,3033.0715,2306.6805,2255.525,2667.2233,3719.9525,3253.6767,1903.1753,3337.8958,2576.6551,3842.6257,1990.2342,2624.2651,1999.9004,3374.0243,2138.149,2514.8036,2106.1518,2510.6054,3151.3995,2054.9502,1729.645
20:35,2985.0462,3129.8654,1785.4218,3650.8843,2978.257,3095.5845,1979.7066,2727.4582,1798.5693,2149.7915,2999.9206,2588.947,2214.4785,2536.7418,4043.9425,3188.4211,1947.2771,3152.5746,2637.5526,3858.9149,2119.1603,2505.8285,2155.6309,3338.1307,2095.5493,2523.6619,2091.8216,2648.1451,3116.4159,2084.8584,1735.3857
20:40,3052.4656,3142.8702,1751.8035,3764.506,3076.8935,2936.8836,1978.0317,2765.7757,1735.6939,2274.4047,3075.6356,2602.2486,2456.6508,2678.4972,3740.9344,3167.7259,1880.0227,3019.6384,2533.475,3648.4582,2157.8937,2613.9777,2132.1472,3190.8339,2091.6513,2549.557,2213.6918,2599.5236,3084.3088,2093.6511,1675.6544
20:45,3009.9302,3148.9148,1935.7414,3741.6275,3059.7543,3071.9555,1963.9426,3001.8309,1721.8147,2321.7978,3055.3512,2459.6134,2311.0159,2756.7293,3871.7495,3261.1193,1831.9229,2943.2083,2654.1704,3614.7045,2067.0359,2534.6088,2185.2059,3401.1849,2224.8041,2567.2187,2236.0854,2567.6936,3075.0003,2078.3425,1759.6677
20:50,2773.3281,3361.2832,1935.2936,3743.4037,2997.8642,3090.7995,1987.7131,3023.9755,1667.3181,2172.8226,3012.455,2710.1294,2627.243,2688.9347,3801.5382,3395.5446,1869.8924,3018.1461,2622.8849,3877.9498,2101.5008,2428.8024,2289.5645,3293.5209,2097.6752,2496.5474,2200.1196,2508.7478,3027.833,2042.8337,1745.6863
20:55,2912.4092,3324.2397,2051.6821,3886.8215,3170.7686,3115.7259,1942.3678,2991.7153,1702.8741,2153.308,3183.0673,3026.6952,2549.8992,2658.6495,3488.2279,3429.4505,1903.3209,3084.8628,2660.3878,3761.7397,2129.5362,2630.8051,2122.8573,3364.8644,2287.7646,2453.256,2252.2652,2608.5237,3070.9636,2080.4739,1683.6166
21:00,2940.1775,3340.3357,1999.0023,3925.2223,3227.1031,3116.7169,1852.385,2885.2603,1865.0378,2206.4224,3090.883,2818.6235,2452.4881,2694.9608,3433.0659,3382.145,1869.4709,2961.6886,2538.6284,3726.9725,2137.4197,2558.6147,2183.4524,3331.5078,2091.4641,2410.5702,2227.8727,2551.2049,2989.3572,1997.932,1651.3301
21:05,3050.9974,3414.9087,2068.2644,3908.1982,3119.9368,3124.2594,1944.0461,2881.5646,1789.3845,2301.3399,2965.0271,2626.6492,2662.1867,2716.2158,3501.1622,3497.1893,1845.0614,2845.8384,2539.1594,3749.3272,2195.9734,2514.5345,2184.9804,3293.0197,2212.8043,2232.6285,2853.3572,2513.6198,3019.1204,2033.788,1637.3245
21:10,2923.5215,3561.1993,2067.0617,3863.7992,3121.4941,3222.4146,1953.9143,2831.5729,1751.5064,2220.687,2959.1192,2735.0796,2709.9497,2790.4484,3535.3947,3473.5744,1846.4738,3036.6282,2648.3362,3754.8157,2120.6862,2403.4706,2328.1218,3287.4005,2027.543,2377.4924,2406.6044,2452.8652,2993.8824,2057.5855,1659.1684
21:15,2844.2471,3465.0242,2015.1959,3857.5767,3144.7515,3139.7255,2323.9357,2911.3089,1813.1043,2170.6843,2861.873,2846.7155,2571.5164,2745.2469,3583.6401,3489.6221,1963.0024,2968.0577,2638.1208,3736.8411,2160.2495,2355.9475,2223.6875,3351.1376,2058.4589,2447.1175,2317.7609,2543.0726,2996.1965,2009.3106,1753.7658
21:20,2859.3038,3635.0364,2084.5172,3825.6967,3415.8469,3163.4652,2308.0494,2742.6603,1837.8683,2193.5545,2899.2066,3042.9103,2695.1135,2703.9749,3551.13,3538.1053,1815.4744,2819.3694,2691.1883,3779.7685,2198.2279,2517.4034,2183.8062,3396.1634,2133.8005,2414.8301,2314.7704,2421.3969,2905.4599,2036.303,1700.8617
21:25,2856.1216,3932.7294,2163.6621,3842.1558,3254.011,3059.7292,2074.04,2844.8533,1810.3153,2204.6231,2906.8226,3039.9756,2588.5231,2787.7288,3775.0331,3535.0089,1740.3586,2864.5932,2658.8028,3709.5625,2110.544,2533.6469,2182.2411,3252.8712,2031.7871,2373.7999,2563.3701,2463.9613,2816.051,2033.8689,1641.7979
21:30,2870.02,3860.1716,2234.8469,3866.5389,3238.8727,2971.1416,2126.9229,2737.7932,1897.7832,2417.141,2888.9009,2969.5583,2917.1377,2666.0524,3658.5723,3714.7907,1807.2208,2958.5379,2659.5644,3794.2568,2222.2156,2385.0517,2314.7302,3370.3855,2181.3283,2359.4334,2427.0678,2540.5895,2861.5336,2005.9154,1765.6829
21:35,3008.3304,3825.8056,2265.0514,3731.1714,3371.1005,3033.816,2136.9427,2745.8666,1888.5281,2332.3377,2951.4188,3119.3173,2683.7814,2497.5699,3659.5357,3762.8658,1716.4531,2970.6678,2633.8894,3929.9733,2103.5235,2571.9336,2180.0068,3244.1693,2128.6532,2340.7971,2660.6448,2486.0294,2842.6279,2019.1723,1716.0713
21:40,2848.361,3862.922,2166.3682,3706.8862,3292.6856,3107.7088,2215.6193,2709.8419,1871.9645,2293.6661,2988.4658,3106.2352,2754.7774,2308.861,3611.9396,3805.4547,1662.2044,3097.1935,2648.0185,3812.538,2224.9963,2495.303,1986.9734,3281.5242,2107.0213,2528.9014,2649.1955,2439.289,2807.2491,2043.238,1705.6413
21:45,2986.597,4120.5482,2144.4467,3727.8473,3440.7739,3063.6468,2348.2643,2591.7616,1806.0136,2073.5182,2969.8938,3114.0844,2980.556,2344.3931,2373.2651,4044.4303,1687.0891,3133.6672,2604.5901,4045.3528,2323.0003,2543.0618,1998.752,3189.9073,2140.7875,2635.1527,2519.8092,2470.486,2846.4293,1983.1694,1786.6372
21:50,2821.2218,4036.1399,2323.9171,3742.2584,3197.8643,3067.3928,2173.1276,2725.0188,1859.676,2176.9145,3080.006,2961.0636,2915.2939,2303.9156,2435.1471,3907.15,1757.6806,3196.196,2670.226,3941.039,2263.0068,2382.8895,2078.9933,3167.5429,2117.068,2633.7772,2569.7588,2374.8032,2760.3538,1958.1793,1710.5755
21:55,2751.6687,4153.2323,2355.8188,3735.0617,3344.4458,2885.0945,2100.433,2694.8415,1747.8057,2095.4348,3046.6604,3093.7781,2946.2745,2517.7398,2460.3389,3832.4461,1697.5517,3204.547,2552.8318,3753.7701,2266.7031,2515.4722,2086.5044,2982.9387,2135.2351,2673.3037,2784.7946,2424.5804,2849.5029,2023.509,1712.2177
22:00,2844.8962,4132.2283,2349.2774,3816.8776,3238.269,2899.8748,2021.1598,2656.5338,1670.1584,2129.1822,3205.1729,3025.0047,3146.1173,2551.4666,2420.476,3679.6452,1732.5849,3230.4487,2534.3473,3766.9435,2207.4191,2705.2266,1968.0265,3109.0565,2193.1426,2589.0153,2665.1056,2368.7191,2910.7954,2009.4986,1751.098
22:05,2921.6184,3939.1493,2404.3621,3816.6917,3163.087,2915.7607,2080.7088,2743.5228,1762.1693,1991.1543,3121.7358,2876.4007,2941.1887,2441.6918,2354.4297,3751.3423,1720.8072,3311.0068,2537.3669,3747.7033,2170.9219,2482.6645,2077.1167,3112.4455,2031.9657,2793.3758,2660.7353,2311.6815,2946.1661,1887.6716,1690.8035
22:10,3164.8205,4183.483,2299.5483,3733.7966,3275.221,3005.0188,2010.431,2694.16,1765.8575,2142.3621,3150.8083,3027.035,3103.9832,2353.2122,2433.8875,3675.3621,1778.4849,3468.4336,2751.6542,3744.7455,2368.3727,2464.1292,2043.8072,3101.3013,2034.4784,2745.0041,2625.9874,2275.737,2906.3039,1908.3342,1695.6423
22:15,3248.3793,4095.8895,2247.8549,3676.4408,3110.2217,3096.824,2016.7524,2969.1191,1847.0244,2080.3852,3070.3466,2934.2759,2770.488,2466.9221,2451.9816,3779.0102,1812.7316,3416.3855,2777.4168,3705.2404,2285.5712,2539.5316,2105.3976,3275.1917,2057.1755,2810.0192,2701.9058,2316.8818,2949.6094,1880.7087,1723.8065
22:20,3261.9922,4256.2277,2284.1274,3770.2546,3237.6508,3110.0119,2125.9143,2963.1784,1797.4304,2092.1243,3114.353,2980.1324,3027.0326,2453.1305,2524.5643,3770.5555,1887.3582,3306.8518,3193.4651,3738.1735,2262.6666,2634.264,2083.2158,2969.1053,2020.2961,2772.9401,2798.2479,2289.6852,2983.9656,1864.4735,1741.6159
22:25,3327.348,4202.4752,2281.541,3781.3876,3442.1866,3016.736,2063.1111,2925.8053,1762.1688,2052.819,3148.5034,3047.2678,2908.891,2549.1542,2507.2501,3650.5896,1895.1367,3587.317,3018.1306,3834.8463,2263.3988,2725.6311,2115.4253,3016.7868,2117.8822,2986.0024,2806.5292,2264.6731,2966.5486,1894.607,1800.1161
22:30,3282.2169,4136.4978,2339.1354,3624.0399,3269.1418,2978.1283,2151.7843,2954.3091,1828.9214,1899.5303,3494.1518,2892.3566,2971.0626,2496.1356,2530.1442,3679.9799,1970.1207,3455.9903,2820.2588,3713.9706,2225.3536,2596.7748,2044.1278,3333.4495,2184.3314,2822.8375,2678.716,2328.7174,3026.866,1934.2704,1914.5713
22:35,3343.9059,4303.6879,2400.2749,3687.36,3216.1203,2917.4642,2142.5398,2973.0222,1859.206,2048.412,3152.659,2991.1147,2920.8082,2330.8939,2698.0083,3567.7208,1938.1074,3457.1494,2861.6216,3755.4496,2083.0702,2637.0405,1975.3788,3066.1234,2216.5908,2909.439,2725.2069,2340.9519,2957.691,1846.5251,1830.7403
22:40,3665.471,4324.2143,2400.9313,3626.0578,3191.3834,3298.9847,2004.1318,3195.7408,1820.4328,1910.2753,3117.1942,2757.8604,2847.3472,2485.4378,2500.0213,3655.3523,1972.2533,3677.1733,3150.2505,3810.0402,1922.3623,2491.7305,1917.3867,3035.0283,2115.0363,2801.7913,2830.8262,2310.162,2777.6326,1819.6577,1833.6511
22:45,3495.3778,3854.592,2259.5642,3727.072,3302.9239,3130.2199,2066.6611,3157.2662,1847.7818,1697.502,2704.9155,2833.268,3175.048,2400.3315,2504.6981,3777.0654,2007.355,3737.158,3118.9399,3734.6739,1785.5263,2628.096,2159.0533,3210.2741,2182.8955,2843.207,3016.3246,2458.5372,2769.0544,1892.0128,1793.8937
22:50,3572.1929,3929.1772,2551.313,3675.4388,3268.972,3035.6881,1999.8589,3032.8813,1711.7307,1730.7374,2827.578,2663.3501,3123.019,2445.5473,2707.724,3678.4157,1978.9075,3716.3996,3055.0693,3708.1712,2000.16,2689.8885,2136.2746,3483.1998,2426.3605,2970.8714,3056.2121,2373.2173,2575.1851,1936.9265,1721.82
22:55,3587.4492,3966.1211,2752.6918,3657.3476,3398.3107,3128.1322,2060.4233,2908.9324,1851.3312,1757.6118,2706.6895,2606.7603,2888.9622,2374.5999,2728.3139,3496.9132,1984.4953,3695.0719,3162.789,3777.5679,1917.7352,2709.6936,2082.6611,3418.3729,2439.4881,2923.2403,2875.9035,2295.3184,2672.8612,2031.0262,1748.2908
23:00,3632.6439,3793.002,2656.1376,3662.3472,3433.4132,3228.2374,2128.6127,2835.4914,1917.1836,1878.2782,2731.3977,2914.2286,2952.7139,2246.3919,2659.1385,3399.2967,1932.7802,3795.9368,3247.6485,3673.1391,1881.5574,2837.6525,2114.1086,3454.9616,2186.1627,2864.9247,2662.1583,2323.4237,2605.2643,1994.4083,1719.319
23:05,3781.3077,4078.5403,2811.118,3591.4142,3337.9123,3301.5393,2380.5903,2878.8497,1998.6765,1840.3847,2748.0072,2797.8673,2980.7424,2243.7859,2771.4405,3402.3906,1880.0093,3867.6864,3263.3258,3628.9105,1875.3133,2754.139,2161.813,3378.7237,2133.2629,2720.7925,3578.5267,2322.5697,2718.0787,2025.5416,1738.1585
23:10,3841.3679,4085.538,2844.3121,3639.8479,3395.0078,3405.206,2621.2946,2814.3308,2032.4512,1832.2038,2675.8339,2799.622,2872.5854,2230.9768,2806.4498,3351.8014,1957.6065,3771.9614,3234.4118,3616.1447,1936.7721,2835.2558,2202.4089,3443.4342,1950.137,2643.7241,3686.7165,2463.408,3029.041,2055.6849,1751.2824
23:15,3821.88,3865.9175,2834.1244,3772.08,3408.2414,3289.9587,2239.3618,2787.7622,1984.0941,1955.6497,2708.493,2726.0516,2861.4979,2292.9861,2680.0102,3304.4669,2052.4851,3898.4543,3421.3056,3838.775,2225.369,2724.8711,2278.4332,3533.3231,2004.9028,2697.1319,3731.5523,2444.9795,2867.5267,2028.4325,1807.9771
23:20,3895.3892,3859.2808,2856.7104,3675.1988,3419.2184,3428.3104,2296.8524,2631.5478,2005.851,1978.7446,2943.9271,2895.7352,2828.3993,2239.6893,2751.9485,3160.291,2092.2501,3992.6391,3331.8172,3714.8348,1879.9863,2840.4056,2241.9225,3527.5102,2079.9505,2724.359,3832.7264,2419.4213,2508.906,2024.906,1704.0647
23:25,3889.1738,3988.5198,2796.4321,3825.8636,2995.922,3353.3018,2594.8039,2604.2867,2017.073,2032.6951,2651.5912,2883.6602,2936.0385,2250.666,2742.2998,3062.6001,2069.8648,3860.3362,3433.1216,3662.2225,1792.4919,2828.939,2112.4644,3560.7608,2032.484,2853.2072,3783.7024,2414.4407,2595.8427,1946.087,1805.0202
23:30,3882.3963,3906.7767,2780.3078,3745.3125,2937.9703,3307.1314,2665.018,2715.7599,2033.8712,2015.3362,2657.0405,2743.4163,2906.441,2213.8632,2844.7914,3122.5455,1985.3436,3877.846,3401.6949,3704.6128,1827.537,2651.7234,2084.4239,3667.9231,2207.8061,2695.4277,3697.1939,2229.1335,2598.5114,2076.1803,1824.3214
23:35,4003.0179,3906.8734,2749.9,3666.2145,2890.6985,3218.7687,2689.6494,2613.5625,1763.2531,2124.5745,2795.2804,3002.8132,2959.8813,2304.5712,3003.5238,2983.7535,1924.2248,3919.4954,3485.0176,3584.1215,1751.0134,2635.1704,2257.2595,3520.7658,2058.4347,2906.4434,3805.5784,2151.1649,2400.1547,1995.806,1818.64
23:40,3953.2728,3888.5965,2737.3339,3623.8705,3009.5047,3205.0713,2647.1733,2640.0666,1708.5368,2178.6505,2816.9247,2979.5266,2859.7041,2183.9713,3057.5784,2966.4194,2107.9225,3827.3308,3472.0299,3818.2963,1724.6602,2952.1869,2137.7815,3470.1178,2213.9129,2575.1499,3581.9489,2210.0084,2614.4072,2075.5907,1738.6332
23:45,4049.1437,4082.0489,2768.6916,3596.5973,2952.7478,3245.8486,2798.2271,2788.5879,1655.5335,2017.7038,2715.1391,2972.0913,2719.2711,2188.7887,3083.5267,3025.6269,2052.6961,3483.027,3487.249,3636.3297,1951.0674,2733.5896,2224.5293,3584.9647,2149.6225,2473.5647,3489.1526,2179.6899,2421.8092,2013.1052,1719.1327
23:50,4050.0446,3951.5802,2716.3417,3729.872,2876.3809,3170.1379,2874.5264,2885.5821,1779.1034,1872.6232,2717.8784,3081.7268,2713.0194,2260.7522,2952.6025,2989.5317,1925.1662,3530.2549,3448.0893,3829.4409,1855.1921,2762.2673,2085.9325,3549.7935,2193.7719,2549.6772,3467.247,2227.4081,2242.7281,1990.5878,1679.2448
23:55,3994.2592,3951.2626,2790.1694,3774.5236,3003.9497,3150.9211,2925.5913,2856.4939,1757.244,1865.6762,2804.7589,3125.0718,2698.2511,2193.8065,3003.1609,2996.6994,2004.4078,3618.4989,3512.7043,3827.191,1954.4959,2695.8102,2241.168,3652.4286,2053.1993,2549.1588,3485.797,2217.91,2174.075,1944.5421,1677.5874
0:00,3826.8258,4014.385,2863.7006,3906.3462,3028.1249,3280.0008,2885.1288,2943.3398,1838.8755,1970.1416,2799.2723,3132.891,2783.0086,2154.9342,3150.7893,3026.3917,2084.7847,3585.7545,3522.1383,3707.9218,1930.5716,2773.2374,2118.9151,3570.0055,2125,2592.1377,3596.8237,2203.5725,2204.1964,1963.4186,1654.864
